name,color_image,prod_image
Men's Recycled Wool Sweater,https://www.patagonia.com/dw/image/v2/BDJB_PRD/on/demandware.static/-/Sites-patagonia-master/default/dwb901c3b0/images/hi-res/gray.jpg?sw=800&sh=800&ox=0&oy=0&oimg=https%3A%2F%2Fwww.patagonia.com%2Fdw%2Fimage%2Fv2%2FBDJB_PRD%2Fon%2Fdemandware.static%2F-%2FSites-patagonia-master%2Fdefault%2Fdw59fff8c8%2Fimages%2Fhi-res%2F50655_CNY.png%3Fsw%3D800%26sh%3D800%26q%3D95&sfrm=png&q=95,"['https://www.patagonia.com/dw/image/v2/BDJB_PRD/on/demandware.static/-/Sites-patagonia-master/default/dwb901c3b0/images/hi-res/gray.jpg?sw=2000&sh=2000&ox=0&oy=0&oimg=https%3A%2F%2Fwww.patagonia.com%2Fdw%2Fimage%2Fv2%2FBDJB_PRD%2Fon%2Fdemandware.static%2F-%2FSites-patagonia-master%2Fdefault%2Fdwe16c2f03%2Fimages%2Fhi-res%2F50655_CNY_OM1.png%3Fsw%3D2000%26sh%3D2000%26q%3D75&sfrm=png&q=75', 'https://www.patagonia.com/dw/image/v2/BDJB_PRD/on/demandware.static/-/Sites-patagonia-master/default/dwb901c3b0/images/hi-res/gray.jpg?sw=140&sh=140&ox=0&oy=0&oimg=https%3A%2F%2Fwww.patagonia.com%2Fdw%2Fimage%2Fv2%2FBDJB_PRD%2Fon%2Fdemandware.static%2F-%2FSites-patagonia-master%2Fdefault%2Fdw5cc7be86%2Fimages%2Fhi-res%2F50655_CNY_OM2.png%3Fsw%3D140%26sh%3D140%26q%3D80&sfrm=png&q=80', 'https://www.patagonia.com/dw/image/v2/BDJB_PRD/on/demandware.static/-/Sites-patagonia-master/default/dwb901c3b0/images/hi-res/gray.jpg?sw=140&sh=140&ox=0&oy=0&oimg=https%3A%2F%2Fwww.patagonia.com%2Fdw%2Fimage%2Fv2%2FBDJB_PRD%2Fon%2Fdemandware.static%2F-%2FSites-patagonia-master%2Fdefault%2Fdw00155e7c%2Fimages%2Fhi-res%2F50655_CNY_OM3.png%3Fsw%3D140%26sh%3D140%26q%3D80&sfrm=png&q=80']"
Men's Recycled Wool Sweater,https://www.patagonia.com/dw/image/v2/BDJB_PRD/on/demandware.static/-/Sites-patagonia-master/default/dwb901c3b0/images/hi-res/gray.jpg?sw=800&sh=800&ox=0&oy=0&oimg=https%3A%2F%2Fwww.patagonia.com%2Fdw%2Fimage%2Fv2%2FBDJB_PRD%2Fon%2Fdemandware.static%2F-%2FSites-patagonia-master%2Fdefault%2Fdwcac362b1%2Fimages%2Fhi-res%2F50655_ELKH.png%3Fsw%3D800%26sh%3D800%26q%3D95&sfrm=png&q=95,None
Men's Recycled Wool Sweater,https://www.patagonia.com/dw/image/v2/BDJB_PRD/on/demandware.static/-/Sites-patagonia-master/default/dwb901c3b0/images/hi-res/gray.jpg?sw=800&sh=800&ox=0&oy=0&oimg=https%3A%2F%2Fwww.patagonia.com%2Fdw%2Fimage%2Fv2%2FBDJB_PRD%2Fon%2Fdemandware.static%2F-%2FSites-patagonia-master%2Fdefault%2Fdw823cf6d6%2Fimages%2Fhi-res%2F50655_HEXG.png%3Fsw%3D800%26sh%3D800%26q%3D95&sfrm=png&q=95,None
Men's Recycled Cashmere Crewneck Sweater,https://www.patagonia.com/dw/image/v2/BDJB_PRD/on/demandware.static/-/Sites-patagonia-master/default/dwb901c3b0/images/hi-res/gray.jpg?sw=800&sh=800&ox=0&oy=0&oimg=https%3A%2F%2Fwww.patagonia.com%2Fdw%2Fimage%2Fv2%2FBDJB_PRD%2Fon%2Fdemandware.static%2F-%2FSites-patagonia-master%2Fdefault%2Fdw978b9775%2Fimages%2Fhi-res%2F50525_FGE.png%3Fsw%3D800%26sh%3D800%26q%3D95&sfrm=png&q=95,None
Men's Recycled Cashmere Crewneck Sweater,https://www.patagonia.com/dw/image/v2/BDJB_PRD/on/demandware.static/-/Sites-patagonia-master/default/dwb901c3b0/images/hi-res/gray.jpg?sw=800&sh=800&ox=0&oy=0&oimg=https%3A%2F%2Fwww.patagonia.com%2Fdw%2Fimage%2Fv2%2FBDJB_PRD%2Fon%2Fdemandware.static%2F-%2FSites-patagonia-master%2Fdefault%2Fdw7d6d9674%2Fimages%2Fhi-res%2F50525_NVYB.png%3Fsw%3D800%26sh%3D800%26q%3D95&sfrm=png&q=95,None
Men's Recycled Cashmere Crewneck Sweater,https://www.patagonia.com/dw/image/v2/BDJB_PRD/on/demandware.static/-/Sites-patagonia-master/default/dwb901c3b0/images/hi-res/gray.jpg?sw=800&sh=800&ox=0&oy=0&oimg=https%3A%2F%2Fwww.patagonia.com%2Fdw%2Fimage%2Fv2%2FBDJB_PRD%2Fon%2Fdemandware.static%2F-%2FSites-patagonia-master%2Fdefault%2Fdwa6d807ea%2Fimages%2Fhi-res%2F50525_NBWB.png%3Fsw%3D800%26sh%3D800%26q%3D95&sfrm=png&q=95,None
Men's Better Sweater® Fleece Vest,https://www.patagonia.com/dw/image/v2/BDJB_PRD/on/demandware.static/-/Sites-patagonia-master/default/dwb901c3b0/images/hi-res/gray.jpg?sw=800&sh=800&ox=0&oy=0&oimg=https%3A%2F%2Fwww.patagonia.com%2Fdw%2Fimage%2Fv2%2FBDJB_PRD%2Fon%2Fdemandware.static%2F-%2FSites-patagonia-master%2Fdefault%2Fdw1b25ae23%2Fimages%2Fhi-res%2F25882_BLK.png%3Fsw%3D800%26sh%3D800%26q%3D95&sfrm=png&q=95,['https://www.patagonia.com/dw/image/v2/BDJB_PRD/on/demandware.static/-/Sites-patagonia-master/default/dwb901c3b0/images/hi-res/gray.jpg?sw=2000&sh=2000&ox=0&oy=0&oimg=https%3A%2F%2Fwww.patagonia.com%2Fdw%2Fimage%2Fv2%2FBDJB_PRD%2Fon%2Fdemandware.static%2F-%2FSites-patagonia-master%2Fdefault%2Fdwd341654e%2Fimages%2Fhi-res%2F25882_BLK_OM1.png%3Fsw%3D2000%26sh%3D2000%26q%3D75&sfrm=png&q=75']
Men's Better Sweater® Fleece Vest,https://www.patagonia.com/dw/image/v2/BDJB_PRD/on/demandware.static/-/Sites-patagonia-master/default/dwb901c3b0/images/hi-res/gray.jpg?sw=800&sh=800&ox=0&oy=0&oimg=https%3A%2F%2Fwww.patagonia.com%2Fdw%2Fimage%2Fv2%2FBDJB_PRD%2Fon%2Fdemandware.static%2F-%2FSites-patagonia-master%2Fdefault%2Fdw7d0eabc2%2Fimages%2Fhi-res%2F25882_NENA.png%3Fsw%3D800%26sh%3D800%26q%3D95&sfrm=png&q=95,"['https://www.patagonia.com/dw/image/v2/BDJB_PRD/on/demandware.static/-/Sites-patagonia-master/default/dwb901c3b0/images/hi-res/gray.jpg?sw=2000&sh=2000&ox=0&oy=0&oimg=https%3A%2F%2Fwww.patagonia.com%2Fdw%2Fimage%2Fv2%2FBDJB_PRD%2Fon%2Fdemandware.static%2F-%2FSites-patagonia-master%2Fdefault%2Fdw2f52793b%2Fimages%2Fhi-res%2F25882_NENA_OM1.png%3Fsw%3D2000%26sh%3D2000%26q%3D75&sfrm=png&q=75', 'https://www.patagonia.com/dw/image/v2/BDJB_PRD/on/demandware.static/-/Sites-patagonia-master/default/dwb901c3b0/images/hi-res/gray.jpg?sw=2000&sh=2000&ox=0&oy=0&oimg=https%3A%2F%2Fwww.patagonia.com%2Fdw%2Fimage%2Fv2%2FBDJB_PRD%2Fon%2Fdemandware.static%2F-%2FSites-patagonia-master%2Fdefault%2Fdw1c872dea%2Fimages%2Fhi-res%2F25882_NENA_OM2.png%3Fsw%3D2000%26sh%3D2000%26q%3D75&sfrm=png&q=75']"
Men's Better Sweater® Fleece Vest,https://www.patagonia.com/dw/image/v2/BDJB_PRD/on/demandware.static/-/Sites-patagonia-master/default/dwb901c3b0/images/hi-res/gray.jpg?sw=800&sh=800&ox=0&oy=0&oimg=https%3A%2F%2Fwww.patagonia.com%2Fdw%2Fimage%2Fv2%2FBDJB_PRD%2Fon%2Fdemandware.static%2F-%2FSites-patagonia-master%2Fdefault%2Fdw05db0e2f%2Fimages%2Fhi-res%2F25882_STH.png%3Fsw%3D800%26sh%3D800%26q%3D95&sfrm=png&q=95,"['https://www.patagonia.com/dw/image/v2/BDJB_PRD/on/demandware.static/-/Sites-patagonia-master/default/dwb901c3b0/images/hi-res/gray.jpg?sw=2000&sh=2000&ox=0&oy=0&oimg=https%3A%2F%2Fwww.patagonia.com%2Fdw%2Fimage%2Fv2%2FBDJB_PRD%2Fon%2Fdemandware.static%2F-%2FSites-patagonia-master%2Fdefault%2Fdw2fd4e74f%2Fimages%2Fhi-res%2F25882_STH_OM1.png%3Fsw%3D2000%26sh%3D2000%26q%3D75&sfrm=png&q=75', 'https://www.patagonia.com/dw/image/v2/BDJB_PRD/on/demandware.static/-/Sites-patagonia-master/default/dwb901c3b0/images/hi-res/gray.jpg?sw=2000&sh=2000&ox=0&oy=0&oimg=https%3A%2F%2Fwww.patagonia.com%2Fdw%2Fimage%2Fv2%2FBDJB_PRD%2Fon%2Fdemandware.static%2F-%2FSites-patagonia-master%2Fdefault%2Fdwa4322d03%2Fimages%2Fhi-res%2F25882_STH_OM2.png%3Fsw%3D2000%26sh%3D2000%26q%3D75&sfrm=png&q=75', 'https://www.patagonia.com/dw/image/v2/BDJB_PRD/on/demandware.static/-/Sites-patagonia-master/default/dwb901c3b0/images/hi-res/gray.jpg?sw=140&sh=140&ox=0&oy=0&oimg=https%3A%2F%2Fwww.patagonia.com%2Fdw%2Fimage%2Fv2%2FBDJB_PRD%2Fon%2Fdemandware.static%2F-%2FSites-patagonia-master%2Fdefault%2Fdw4bb819b0%2Fimages%2Fhi-res%2F25882_STH_OM3.png%3Fsw%3D140%26sh%3D140%26q%3D80&sfrm=png&q=80', 'https://www.patagonia.com/dw/image/v2/BDJB_PRD/on/demandware.static/-/Sites-patagonia-master/default/dwb901c3b0/images/hi-res/gray.jpg?sw=140&sh=140&ox=0&oy=0&oimg=https%3A%2F%2Fwww.patagonia.com%2Fdw%2Fimage%2Fv2%2FBDJB_PRD%2Fon%2Fdemandware.static%2F-%2FSites-patagonia-master%2Fdefault%2Fdw0c0e3124%2Fimages%2Fhi-res%2F25882_STH_OPEN.png%3Fsw%3D140%26sh%3D140%26q%3D80&sfrm=png&q=80']"
Men's Better Sweater® Fleece Vest,https://www.patagonia.com/dw/image/v2/BDJB_PRD/on/demandware.static/-/Sites-patagonia-master/default/dwb901c3b0/images/hi-res/gray.jpg?sw=800&sh=800&ox=0&oy=0&oimg=https%3A%2F%2Fwww.patagonia.com%2Fdw%2Fimage%2Fv2%2FBDJB_PRD%2Fon%2Fdemandware.static%2F-%2FSites-patagonia-master%2Fdefault%2Fdw6c0504f3%2Fimages%2Fhi-res%2F25882_ELGR.png%3Fsw%3D800%26sh%3D800%26q%3D95&sfrm=png&q=95,"['https://www.patagonia.com/dw/image/v2/BDJB_PRD/on/demandware.static/-/Sites-patagonia-master/default/dwb901c3b0/images/hi-res/gray.jpg?sw=2000&sh=2000&ox=0&oy=0&oimg=https%3A%2F%2Fwww.patagonia.com%2Fdw%2Fimage%2Fv2%2FBDJB_PRD%2Fon%2Fdemandware.static%2F-%2FSites-patagonia-master%2Fdefault%2Fdwebaf2e3b%2Fimages%2Fhi-res%2F25882_ELGR_OM1M.png%3Fsw%3D2000%26sh%3D2000%26q%3D75&sfrm=png&q=75', 'https://www.patagonia.com/dw/image/v2/BDJB_PRD/on/demandware.static/-/Sites-patagonia-master/default/dwb901c3b0/images/hi-res/gray.jpg?sw=2000&sh=2000&ox=0&oy=0&oimg=https%3A%2F%2Fwww.patagonia.com%2Fdw%2Fimage%2Fv2%2FBDJB_PRD%2Fon%2Fdemandware.static%2F-%2FSites-patagonia-master%2Fdefault%2Fdwe928ae58%2Fimages%2Fhi-res%2F25882_ELGR_OM2M.png%3Fsw%3D2000%26sh%3D2000%26q%3D75&sfrm=png&q=75']"
Men's Better Sweater® Fleece Vest,https://www.patagonia.com/dw/image/v2/BDJB_PRD/on/demandware.static/-/Sites-patagonia-master/default/dwb901c3b0/images/hi-res/gray.jpg?sw=800&sh=800&ox=0&oy=0&oimg=https%3A%2F%2Fwww.patagonia.com%2Fdw%2Fimage%2Fv2%2FBDJB_PRD%2Fon%2Fdemandware.static%2F-%2FSites-patagonia-master%2Fdefault%2Fdwe9c8fd45%2Fimages%2Fhi-res%2F25882_NKL.png%3Fsw%3D800%26sh%3D800%26q%3D95&sfrm=png&q=95,"['https://www.patagonia.com/dw/image/v2/BDJB_PRD/on/demandware.static/-/Sites-patagonia-master/default/dwb901c3b0/images/hi-res/gray.jpg?sw=2000&sh=2000&ox=0&oy=0&oimg=https%3A%2F%2Fwww.patagonia.com%2Fdw%2Fimage%2Fv2%2FBDJB_PRD%2Fon%2Fdemandware.static%2F-%2FSites-patagonia-master%2Fdefault%2Fdw3b35df29%2Fimages%2Fhi-res%2F25882_NKL_RG1.png%3Fsw%3D2000%26sh%3D2000%26q%3D75&sfrm=png&q=75', 'https://www.patagonia.com/dw/image/v2/BDJB_PRD/on/demandware.static/-/Sites-patagonia-master/default/dwb901c3b0/images/hi-res/gray.jpg?sw=2000&sh=2000&ox=0&oy=0&oimg=https%3A%2F%2Fwww.patagonia.com%2Fdw%2Fimage%2Fv2%2FBDJB_PRD%2Fon%2Fdemandware.static%2F-%2FSites-patagonia-master%2Fdefault%2Fdwcf76c2df%2Fimages%2Fhi-res%2F25882_NKL_RG2.png%3Fsw%3D2000%26sh%3D2000%26q%3D75&sfrm=png&q=75']"
Men's Better Sweater® Fleece Vest,https://www.patagonia.com/dw/image/v2/BDJB_PRD/on/demandware.static/-/Sites-patagonia-master/default/dwb901c3b0/images/hi-res/gray.jpg?sw=800&sh=800&ox=0&oy=0&oimg=https%3A%2F%2Fwww.patagonia.com%2Fdw%2Fimage%2Fv2%2FBDJB_PRD%2Fon%2Fdemandware.static%2F-%2FSites-patagonia-master%2Fdefault%2Fdw66f8689c%2Fimages%2Fhi-res%2F25882_PGBE.png%3Fsw%3D800%26sh%3D800%26q%3D95&sfrm=png&q=95,"['https://www.patagonia.com/dw/image/v2/BDJB_PRD/on/demandware.static/-/Sites-patagonia-master/default/dwb901c3b0/images/hi-res/gray.jpg?sw=2000&sh=2000&ox=0&oy=0&oimg=https%3A%2F%2Fwww.patagonia.com%2Fdw%2Fimage%2Fv2%2FBDJB_PRD%2Fon%2Fdemandware.static%2F-%2FSites-patagonia-master%2Fdefault%2Fdwe1348285%2Fimages%2Fhi-res%2F25882_PGBE_CS1.png%3Fsw%3D2000%26sh%3D2000%26q%3D75&sfrm=png&q=75', 'https://www.patagonia.com/dw/image/v2/BDJB_PRD/on/demandware.static/-/Sites-patagonia-master/default/dwb901c3b0/images/hi-res/gray.jpg?sw=2000&sh=2000&ox=0&oy=0&oimg=https%3A%2F%2Fwww.patagonia.com%2Fdw%2Fimage%2Fv2%2FBDJB_PRD%2Fon%2Fdemandware.static%2F-%2FSites-patagonia-master%2Fdefault%2Fdwfa7e675b%2Fimages%2Fhi-res%2F25882_PGBE_CS2.png%3Fsw%3D2000%26sh%3D2000%26q%3D75&sfrm=png&q=75']"
Men's Better Sweater® Fleece Vest,https://www.patagonia.com/dw/image/v2/BDJB_PRD/on/demandware.static/-/Sites-patagonia-master/default/dwb901c3b0/images/hi-res/gray.jpg?sw=800&sh=800&ox=0&oy=0&oimg=https%3A%2F%2Fwww.patagonia.com%2Fdw%2Fimage%2Fv2%2FBDJB_PRD%2Fon%2Fdemandware.static%2F-%2FSites-patagonia-master%2Fdefault%2Fdw92f7b080%2Fimages%2Fhi-res%2F25882_LDBR.png%3Fsw%3D800%26sh%3D800%26q%3D95&sfrm=png&q=95,"['https://www.patagonia.com/dw/image/v2/BDJB_PRD/on/demandware.static/-/Sites-patagonia-master/default/dwb901c3b0/images/hi-res/gray.jpg?sw=2000&sh=2000&ox=0&oy=0&oimg=https%3A%2F%2Fwww.patagonia.com%2Fdw%2Fimage%2Fv2%2FBDJB_PRD%2Fon%2Fdemandware.static%2F-%2FSites-patagonia-master%2Fdefault%2Fdwe1348285%2Fimages%2Fhi-res%2F25882_PGBE_CS1.png%3Fsw%3D2000%26sh%3D2000%26q%3D75&sfrm=png&q=75', 'https://www.patagonia.com/dw/image/v2/BDJB_PRD/on/demandware.static/-/Sites-patagonia-master/default/dwb901c3b0/images/hi-res/gray.jpg?sw=2000&sh=2000&ox=0&oy=0&oimg=https%3A%2F%2Fwww.patagonia.com%2Fdw%2Fimage%2Fv2%2FBDJB_PRD%2Fon%2Fdemandware.static%2F-%2FSites-patagonia-master%2Fdefault%2Fdwfa7e675b%2Fimages%2Fhi-res%2F25882_PGBE_CS2.png%3Fsw%3D2000%26sh%3D2000%26q%3D75&sfrm=png&q=75']"
Men's Better Sweater® Fleece Vest,https://www.patagonia.com/dw/image/v2/BDJB_PRD/on/demandware.static/-/Sites-patagonia-master/default/dwb901c3b0/images/hi-res/gray.jpg?sw=800&sh=800&ox=0&oy=0&oimg=https%3A%2F%2Fwww.patagonia.com%2Fdw%2Fimage%2Fv2%2FBDJB_PRD%2Fon%2Fdemandware.static%2F-%2FSites-patagonia-master%2Fdefault%2Fdw617d6192%2Fimages%2Fhi-res%2F25882_SKA.png%3Fsw%3D800%26sh%3D800%26q%3D95&sfrm=png&q=95,"['https://www.patagonia.com/dw/image/v2/BDJB_PRD/on/demandware.static/-/Sites-patagonia-master/default/dwb901c3b0/images/hi-res/gray.jpg?sw=2000&sh=2000&ox=0&oy=0&oimg=https%3A%2F%2Fwww.patagonia.com%2Fdw%2Fimage%2Fv2%2FBDJB_PRD%2Fon%2Fdemandware.static%2F-%2FSites-patagonia-master%2Fdefault%2Fdwe1348285%2Fimages%2Fhi-res%2F25882_PGBE_CS1.png%3Fsw%3D2000%26sh%3D2000%26q%3D75&sfrm=png&q=75', 'https://www.patagonia.com/dw/image/v2/BDJB_PRD/on/demandware.static/-/Sites-patagonia-master/default/dwb901c3b0/images/hi-res/gray.jpg?sw=2000&sh=2000&ox=0&oy=0&oimg=https%3A%2F%2Fwww.patagonia.com%2Fdw%2Fimage%2Fv2%2FBDJB_PRD%2Fon%2Fdemandware.static%2F-%2FSites-patagonia-master%2Fdefault%2Fdwfa7e675b%2Fimages%2Fhi-res%2F25882_PGBE_CS2.png%3Fsw%3D2000%26sh%3D2000%26q%3D75&sfrm=png&q=75']"
Men's Better Sweater® Rib Knit 1/4-Zip Fleece,https://www.patagonia.com/dw/image/v2/BDJB_PRD/on/demandware.static/-/Sites-patagonia-master/default/dwb901c3b0/images/hi-res/gray.jpg?sw=800&sh=800&ox=0&oy=0&oimg=https%3A%2F%2Fwww.patagonia.com%2Fdw%2Fimage%2Fv2%2FBDJB_PRD%2Fon%2Fdemandware.static%2F-%2FSites-patagonia-master%2Fdefault%2Fdwb31d4db0%2Fimages%2Fhi-res%2F25300_IGRK.png%3Fsw%3D800%26sh%3D800%26q%3D95&sfrm=png&q=95,"['https://www.patagonia.com/dw/image/v2/BDJB_PRD/on/demandware.static/-/Sites-patagonia-master/default/dwb901c3b0/images/hi-res/gray.jpg?sw=2000&sh=2000&ox=0&oy=0&oimg=https%3A%2F%2Fwww.patagonia.com%2Fdw%2Fimage%2Fv2%2FBDJB_PRD%2Fon%2Fdemandware.static%2F-%2FSites-patagonia-master%2Fdefault%2Fdw37068774%2Fimages%2Fhi-res%2F25300_IGRK_OM1.png%3Fsw%3D2000%26sh%3D2000%26q%3D75&sfrm=png&q=75', 'https://www.patagonia.com/dw/image/v2/BDJB_PRD/on/demandware.static/-/Sites-patagonia-master/default/dwb901c3b0/images/hi-res/gray.jpg?sw=2000&sh=2000&ox=0&oy=0&oimg=https%3A%2F%2Fwww.patagonia.com%2Fdw%2Fimage%2Fv2%2FBDJB_PRD%2Fon%2Fdemandware.static%2F-%2FSites-patagonia-master%2Fdefault%2Fdw4ec418e4%2Fimages%2Fhi-res%2F25300_IGRK_OM2.png%3Fsw%3D2000%26sh%3D2000%26q%3D75&sfrm=png&q=75', 'https://www.patagonia.com/dw/image/v2/BDJB_PRD/on/demandware.static/-/Sites-patagonia-master/default/dwb901c3b0/images/hi-res/gray.jpg?sw=140&sh=140&ox=0&oy=0&oimg=https%3A%2F%2Fwww.patagonia.com%2Fdw%2Fimage%2Fv2%2FBDJB_PRD%2Fon%2Fdemandware.static%2F-%2FSites-patagonia-master%2Fdefault%2Fdw646f0331%2Fimages%2Fhi-res%2F25300_IGRK_OM3.png%3Fsw%3D140%26sh%3D140%26q%3D80&sfrm=png&q=80']"
Men's Better Sweater® Rib Knit 1/4-Zip Fleece,https://www.patagonia.com/dw/image/v2/BDJB_PRD/on/demandware.static/-/Sites-patagonia-master/default/dwb901c3b0/images/hi-res/gray.jpg?sw=800&sh=800&ox=0&oy=0&oimg=https%3A%2F%2Fwww.patagonia.com%2Fdw%2Fimage%2Fv2%2FBDJB_PRD%2Fon%2Fdemandware.static%2F-%2FSites-patagonia-master%2Fdefault%2Fdwdfdc55c1%2Fimages%2Fhi-res%2F25300_NENK.png%3Fsw%3D800%26sh%3D800%26q%3D95&sfrm=png&q=95,"['https://www.patagonia.com/dw/image/v2/BDJB_PRD/on/demandware.static/-/Sites-patagonia-master/default/dwb901c3b0/images/hi-res/gray.jpg?sw=2000&sh=2000&ox=0&oy=0&oimg=https%3A%2F%2Fwww.patagonia.com%2Fdw%2Fimage%2Fv2%2FBDJB_PRD%2Fon%2Fdemandware.static%2F-%2FSites-patagonia-master%2Fdefault%2Fdw363d176d%2Fimages%2Fhi-res%2F25300_NENK_MK1.png%3Fsw%3D2000%26sh%3D2000%26q%3D75&sfrm=png&q=75', 'https://www.patagonia.com/dw/image/v2/BDJB_PRD/on/demandware.static/-/Sites-patagonia-master/default/dwb901c3b0/images/hi-res/gray.jpg?sw=2000&sh=2000&ox=0&oy=0&oimg=https%3A%2F%2Fwww.patagonia.com%2Fdw%2Fimage%2Fv2%2FBDJB_PRD%2Fon%2Fdemandware.static%2F-%2FSites-patagonia-master%2Fdefault%2Fdwd779d7bc%2Fimages%2Fhi-res%2F25300_NENK_MK2.png%3Fsw%3D2000%26sh%3D2000%26q%3D75&sfrm=png&q=75', 'https://www.patagonia.com/dw/image/v2/BDJB_PRD/on/demandware.static/-/Sites-patagonia-master/default/dwb901c3b0/images/hi-res/gray.jpg?sw=140&sh=140&ox=0&oy=0&oimg=https%3A%2F%2Fwww.patagonia.com%2Fdw%2Fimage%2Fv2%2FBDJB_PRD%2Fon%2Fdemandware.static%2F-%2FSites-patagonia-master%2Fdefault%2Fdwe986f9fc%2Fimages%2Fhi-res%2F25300_NENK_MK3.png%3Fsw%3D140%26sh%3D140%26q%3D80&sfrm=png&q=80']"
Men's Better Sweater® Rib Knit 1/4-Zip Fleece,https://www.patagonia.com/dw/image/v2/BDJB_PRD/on/demandware.static/-/Sites-patagonia-master/default/dwb901c3b0/images/hi-res/gray.jpg?sw=800&sh=800&ox=0&oy=0&oimg=https%3A%2F%2Fwww.patagonia.com%2Fdw%2Fimage%2Fv2%2FBDJB_PRD%2Fon%2Fdemandware.static%2F-%2FSites-patagonia-master%2Fdefault%2Fdw9489d7d0%2Fimages%2Fhi-res%2F25300_NKLK.png%3Fsw%3D800%26sh%3D800%26q%3D95&sfrm=png&q=95,"['https://www.patagonia.com/dw/image/v2/BDJB_PRD/on/demandware.static/-/Sites-patagonia-master/default/dwb901c3b0/images/hi-res/gray.jpg?sw=2000&sh=2000&ox=0&oy=0&oimg=https%3A%2F%2Fwww.patagonia.com%2Fdw%2Fimage%2Fv2%2FBDJB_PRD%2Fon%2Fdemandware.static%2F-%2FSites-patagonia-master%2Fdefault%2Fdw37068774%2Fimages%2Fhi-res%2F25300_IGRK_OM1.png%3Fsw%3D2000%26sh%3D2000%26q%3D75&sfrm=png&q=75', 'https://www.patagonia.com/dw/image/v2/BDJB_PRD/on/demandware.static/-/Sites-patagonia-master/default/dwb901c3b0/images/hi-res/gray.jpg?sw=2000&sh=2000&ox=0&oy=0&oimg=https%3A%2F%2Fwww.patagonia.com%2Fdw%2Fimage%2Fv2%2FBDJB_PRD%2Fon%2Fdemandware.static%2F-%2FSites-patagonia-master%2Fdefault%2Fdw4ec418e4%2Fimages%2Fhi-res%2F25300_IGRK_OM2.png%3Fsw%3D2000%26sh%3D2000%26q%3D75&sfrm=png&q=75', 'https://www.patagonia.com/dw/image/v2/BDJB_PRD/on/demandware.static/-/Sites-patagonia-master/default/dwb901c3b0/images/hi-res/gray.jpg?sw=140&sh=140&ox=0&oy=0&oimg=https%3A%2F%2Fwww.patagonia.com%2Fdw%2Fimage%2Fv2%2FBDJB_PRD%2Fon%2Fdemandware.static%2F-%2FSites-patagonia-master%2Fdefault%2Fdw646f0331%2Fimages%2Fhi-res%2F25300_IGRK_OM3.png%3Fsw%3D140%26sh%3D140%26q%3D80&sfrm=png&q=80']"
Men's Better Sweater® Rib Knit 1/4-Zip Fleece,https://www.patagonia.com/dw/image/v2/BDJB_PRD/on/demandware.static/-/Sites-patagonia-master/default/dwb901c3b0/images/hi-res/gray.jpg?sw=800&sh=800&ox=0&oy=0&oimg=https%3A%2F%2Fwww.patagonia.com%2Fdw%2Fimage%2Fv2%2FBDJB_PRD%2Fon%2Fdemandware.static%2F-%2FSites-patagonia-master%2Fdefault%2Fdw33a03483%2Fimages%2Fhi-res%2F25300_STHK.png%3Fsw%3D800%26sh%3D800%26q%3D95&sfrm=png&q=95,"['https://www.patagonia.com/dw/image/v2/BDJB_PRD/on/demandware.static/-/Sites-patagonia-master/default/dwb901c3b0/images/hi-res/gray.jpg?sw=2000&sh=2000&ox=0&oy=0&oimg=https%3A%2F%2Fwww.patagonia.com%2Fdw%2Fimage%2Fv2%2FBDJB_PRD%2Fon%2Fdemandware.static%2F-%2FSites-patagonia-master%2Fdefault%2Fdw37068774%2Fimages%2Fhi-res%2F25300_IGRK_OM1.png%3Fsw%3D2000%26sh%3D2000%26q%3D75&sfrm=png&q=75', 'https://www.patagonia.com/dw/image/v2/BDJB_PRD/on/demandware.static/-/Sites-patagonia-master/default/dwb901c3b0/images/hi-res/gray.jpg?sw=2000&sh=2000&ox=0&oy=0&oimg=https%3A%2F%2Fwww.patagonia.com%2Fdw%2Fimage%2Fv2%2FBDJB_PRD%2Fon%2Fdemandware.static%2F-%2FSites-patagonia-master%2Fdefault%2Fdw4ec418e4%2Fimages%2Fhi-res%2F25300_IGRK_OM2.png%3Fsw%3D2000%26sh%3D2000%26q%3D75&sfrm=png&q=75', 'https://www.patagonia.com/dw/image/v2/BDJB_PRD/on/demandware.static/-/Sites-patagonia-master/default/dwb901c3b0/images/hi-res/gray.jpg?sw=140&sh=140&ox=0&oy=0&oimg=https%3A%2F%2Fwww.patagonia.com%2Fdw%2Fimage%2Fv2%2FBDJB_PRD%2Fon%2Fdemandware.static%2F-%2FSites-patagonia-master%2Fdefault%2Fdw646f0331%2Fimages%2Fhi-res%2F25300_IGRK_OM3.png%3Fsw%3D140%26sh%3D140%26q%3D80&sfrm=png&q=80']"
Men's Better Sweater® Fleece Jacket,https://www.patagonia.com/dw/image/v2/BDJB_PRD/on/demandware.static/-/Sites-patagonia-master/default/dwb901c3b0/images/hi-res/gray.jpg?sw=800&sh=800&ox=0&oy=0&oimg=https%3A%2F%2Fwww.patagonia.com%2Fdw%2Fimage%2Fv2%2FBDJB_PRD%2Fon%2Fdemandware.static%2F-%2FSites-patagonia-master%2Fdefault%2Fdw5fbe0b25%2Fimages%2Fhi-res%2F25528_BLK.png%3Fsw%3D800%26sh%3D800%26q%3D95&sfrm=png&q=95,"['https://www.patagonia.com/dw/image/v2/BDJB_PRD/on/demandware.static/-/Sites-patagonia-master/default/dwb901c3b0/images/hi-res/gray.jpg?sw=2000&sh=2000&ox=0&oy=0&oimg=https%3A%2F%2Fwww.patagonia.com%2Fdw%2Fimage%2Fv2%2FBDJB_PRD%2Fon%2Fdemandware.static%2F-%2FSites-patagonia-master%2Fdefault%2Fdw10071995%2Fimages%2Fhi-res%2F25528_BLK_OM1.png%3Fsw%3D2000%26sh%3D2000%26q%3D75&sfrm=png&q=75', 'https://www.patagonia.com/dw/image/v2/BDJB_PRD/on/demandware.static/-/Sites-patagonia-master/default/dwb901c3b0/images/hi-res/gray.jpg?sw=2000&sh=2000&ox=0&oy=0&oimg=https%3A%2F%2Fwww.patagonia.com%2Fdw%2Fimage%2Fv2%2FBDJB_PRD%2Fon%2Fdemandware.static%2F-%2FSites-patagonia-master%2Fdefault%2Fdw7ed3ef9e%2Fimages%2Fhi-res%2F25528_BLK_OM2.png%3Fsw%3D2000%26sh%3D2000%26q%3D75&sfrm=png&q=75', 'https://www.patagonia.com/dw/image/v2/BDJB_PRD/on/demandware.static/-/Sites-patagonia-master/default/dwb901c3b0/images/hi-res/gray.jpg?sw=140&sh=140&ox=0&oy=0&oimg=https%3A%2F%2Fwww.patagonia.com%2Fdw%2Fimage%2Fv2%2FBDJB_PRD%2Fon%2Fdemandware.static%2F-%2FSites-patagonia-master%2Fdefault%2Fdwa9269da5%2Fimages%2Fhi-res%2F25528_BLK_OPEN.png%3Fsw%3D140%26sh%3D140%26q%3D80&sfrm=png&q=80']"
Men's Better Sweater® Fleece Jacket,https://www.patagonia.com/dw/image/v2/BDJB_PRD/on/demandware.static/-/Sites-patagonia-master/default/dwb901c3b0/images/hi-res/gray.jpg?sw=800&sh=800&ox=0&oy=0&oimg=https%3A%2F%2Fwww.patagonia.com%2Fdw%2Fimage%2Fv2%2FBDJB_PRD%2Fon%2Fdemandware.static%2F-%2FSites-patagonia-master%2Fdefault%2Fdw69817253%2Fimages%2Fhi-res%2F25528_INDG.png%3Fsw%3D800%26sh%3D800%26q%3D95&sfrm=png&q=95,"['https://www.patagonia.com/dw/image/v2/BDJB_PRD/on/demandware.static/-/Sites-patagonia-master/default/dwb901c3b0/images/hi-res/gray.jpg?sw=2000&sh=2000&ox=0&oy=0&oimg=https%3A%2F%2Fwww.patagonia.com%2Fdw%2Fimage%2Fv2%2FBDJB_PRD%2Fon%2Fdemandware.static%2F-%2FSites-patagonia-master%2Fdefault%2Fdw8437f7f3%2Fimages%2Fhi-res%2F25528_INDG_OM1.png%3Fsw%3D2000%26sh%3D2000%26q%3D75&sfrm=png&q=75', 'https://www.patagonia.com/dw/image/v2/BDJB_PRD/on/demandware.static/-/Sites-patagonia-master/default/dwb901c3b0/images/hi-res/gray.jpg?sw=2000&sh=2000&ox=0&oy=0&oimg=https%3A%2F%2Fwww.patagonia.com%2Fdw%2Fimage%2Fv2%2FBDJB_PRD%2Fon%2Fdemandware.static%2F-%2FSites-patagonia-master%2Fdefault%2Fdw9a10fddc%2Fimages%2Fhi-res%2F25528_INDG_OM2.png%3Fsw%3D2000%26sh%3D2000%26q%3D75&sfrm=png&q=75', 'https://www.patagonia.com/dw/image/v2/BDJB_PRD/on/demandware.static/-/Sites-patagonia-master/default/dwb901c3b0/images/hi-res/gray.jpg?sw=140&sh=140&ox=0&oy=0&oimg=https%3A%2F%2Fwww.patagonia.com%2Fdw%2Fimage%2Fv2%2FBDJB_PRD%2Fon%2Fdemandware.static%2F-%2FSites-patagonia-master%2Fdefault%2Fdwdbc74d62%2Fimages%2Fhi-res%2F25528_INDG_OM3.png%3Fsw%3D140%26sh%3D140%26q%3D80&sfrm=png&q=80', 'https://www.patagonia.com/dw/image/v2/BDJB_PRD/on/demandware.static/-/Sites-patagonia-master/default/dwb901c3b0/images/hi-res/gray.jpg?sw=140&sh=140&ox=0&oy=0&oimg=https%3A%2F%2Fwww.patagonia.com%2Fdw%2Fimage%2Fv2%2FBDJB_PRD%2Fon%2Fdemandware.static%2F-%2FSites-patagonia-master%2Fdefault%2Fdw61799205%2Fimages%2Fhi-res%2F25528_INDG_OPEN.png%3Fsw%3D140%26sh%3D140%26q%3D80&sfrm=png&q=80']"
Men's Better Sweater® Fleece Jacket,https://www.patagonia.com/dw/image/v2/BDJB_PRD/on/demandware.static/-/Sites-patagonia-master/default/dwb901c3b0/images/hi-res/gray.jpg?sw=800&sh=800&ox=0&oy=0&oimg=https%3A%2F%2Fwww.patagonia.com%2Fdw%2Fimage%2Fv2%2FBDJB_PRD%2Fon%2Fdemandware.static%2F-%2FSites-patagonia-master%2Fdefault%2Fdw2a0676e4%2Fimages%2Fhi-res%2F25528_LDBR.png%3Fsw%3D800%26sh%3D800%26q%3D95&sfrm=png&q=95,"['https://www.patagonia.com/dw/image/v2/BDJB_PRD/on/demandware.static/-/Sites-patagonia-master/default/dwb901c3b0/images/hi-res/gray.jpg?sw=2000&sh=2000&ox=0&oy=0&oimg=https%3A%2F%2Fwww.patagonia.com%2Fdw%2Fimage%2Fv2%2FBDJB_PRD%2Fon%2Fdemandware.static%2F-%2FSites-patagonia-master%2Fdefault%2Fdwf2831e81%2Fimages%2Fhi-res%2F25528_LDBR_OM1.png%3Fsw%3D2000%26sh%3D2000%26q%3D75&sfrm=png&q=75', 'https://www.patagonia.com/dw/image/v2/BDJB_PRD/on/demandware.static/-/Sites-patagonia-master/default/dwb901c3b0/images/hi-res/gray.jpg?sw=2000&sh=2000&ox=0&oy=0&oimg=https%3A%2F%2Fwww.patagonia.com%2Fdw%2Fimage%2Fv2%2FBDJB_PRD%2Fon%2Fdemandware.static%2F-%2FSites-patagonia-master%2Fdefault%2Fdw68ab4ac7%2Fimages%2Fhi-res%2F25528_LDBR_OM2.png%3Fsw%3D2000%26sh%3D2000%26q%3D75&sfrm=png&q=75']"
Men's Better Sweater® Fleece Jacket,https://www.patagonia.com/dw/image/v2/BDJB_PRD/on/demandware.static/-/Sites-patagonia-master/default/dwb901c3b0/images/hi-res/gray.jpg?sw=800&sh=800&ox=0&oy=0&oimg=https%3A%2F%2Fwww.patagonia.com%2Fdw%2Fimage%2Fv2%2FBDJB_PRD%2Fon%2Fdemandware.static%2F-%2FSites-patagonia-master%2Fdefault%2Fdwec8064b5%2Fimages%2Fhi-res%2F25528_NENA.png%3Fsw%3D800%26sh%3D800%26q%3D95&sfrm=png&q=95,"['https://www.patagonia.com/dw/image/v2/BDJB_PRD/on/demandware.static/-/Sites-patagonia-master/default/dwb901c3b0/images/hi-res/gray.jpg?sw=2000&sh=2000&ox=0&oy=0&oimg=https%3A%2F%2Fwww.patagonia.com%2Fdw%2Fimage%2Fv2%2FBDJB_PRD%2Fon%2Fdemandware.static%2F-%2FSites-patagonia-master%2Fdefault%2Fdwbfc3565e%2Fimages%2Fhi-res%2F25528_NENA_OM1.png%3Fsw%3D2000%26sh%3D2000%26q%3D75&sfrm=png&q=75', 'https://www.patagonia.com/dw/image/v2/BDJB_PRD/on/demandware.static/-/Sites-patagonia-master/default/dwb901c3b0/images/hi-res/gray.jpg?sw=2000&sh=2000&ox=0&oy=0&oimg=https%3A%2F%2Fwww.patagonia.com%2Fdw%2Fimage%2Fv2%2FBDJB_PRD%2Fon%2Fdemandware.static%2F-%2FSites-patagonia-master%2Fdefault%2Fdweacd55fe%2Fimages%2Fhi-res%2F25528_NENA_OM2.png%3Fsw%3D2000%26sh%3D2000%26q%3D75&sfrm=png&q=75', 'https://www.patagonia.com/dw/image/v2/BDJB_PRD/on/demandware.static/-/Sites-patagonia-master/default/dwb901c3b0/images/hi-res/gray.jpg?sw=140&sh=140&ox=0&oy=0&oimg=https%3A%2F%2Fwww.patagonia.com%2Fdw%2Fimage%2Fv2%2FBDJB_PRD%2Fon%2Fdemandware.static%2F-%2FSites-patagonia-master%2Fdefault%2Fdw56c42fc3%2Fimages%2Fhi-res%2F25528_NENA_OM3.png%3Fsw%3D140%26sh%3D140%26q%3D80&sfrm=png&q=80']"
Men's Better Sweater® Fleece Jacket,https://www.patagonia.com/dw/image/v2/BDJB_PRD/on/demandware.static/-/Sites-patagonia-master/default/dwb901c3b0/images/hi-res/gray.jpg?sw=800&sh=800&ox=0&oy=0&oimg=https%3A%2F%2Fwww.patagonia.com%2Fdw%2Fimage%2Fv2%2FBDJB_PRD%2Fon%2Fdemandware.static%2F-%2FSites-patagonia-master%2Fdefault%2Fdw5adb52af%2Fimages%2Fhi-res%2F25528_NKL.png%3Fsw%3D800%26sh%3D800%26q%3D95&sfrm=png&q=95,"['https://www.patagonia.com/dw/image/v2/BDJB_PRD/on/demandware.static/-/Sites-patagonia-master/default/dwb901c3b0/images/hi-res/gray.jpg?sw=2000&sh=2000&ox=0&oy=0&oimg=https%3A%2F%2Fwww.patagonia.com%2Fdw%2Fimage%2Fv2%2FBDJB_PRD%2Fon%2Fdemandware.static%2F-%2FSites-patagonia-master%2Fdefault%2Fdw16b8c644%2Fimages%2Fhi-res%2F25528_NKL_OM1.png%3Fsw%3D2000%26sh%3D2000%26q%3D75&sfrm=png&q=75', 'https://www.patagonia.com/dw/image/v2/BDJB_PRD/on/demandware.static/-/Sites-patagonia-master/default/dwb901c3b0/images/hi-res/gray.jpg?sw=2000&sh=2000&ox=0&oy=0&oimg=https%3A%2F%2Fwww.patagonia.com%2Fdw%2Fimage%2Fv2%2FBDJB_PRD%2Fon%2Fdemandware.static%2F-%2FSites-patagonia-master%2Fdefault%2Fdw2b7acce9%2Fimages%2Fhi-res%2F25528_NKL_OM2.png%3Fsw%3D2000%26sh%3D2000%26q%3D75&sfrm=png&q=75']"
Men's Better Sweater® Fleece Jacket,https://www.patagonia.com/dw/image/v2/BDJB_PRD/on/demandware.static/-/Sites-patagonia-master/default/dwb901c3b0/images/hi-res/gray.jpg?sw=800&sh=800&ox=0&oy=0&oimg=https%3A%2F%2Fwww.patagonia.com%2Fdw%2Fimage%2Fv2%2FBDJB_PRD%2Fon%2Fdemandware.static%2F-%2FSites-patagonia-master%2Fdefault%2Fdw1ae732b7%2Fimages%2Fhi-res%2F25528_PEK.png%3Fsw%3D800%26sh%3D800%26q%3D95&sfrm=png&q=95,"['https://www.patagonia.com/dw/image/v2/BDJB_PRD/on/demandware.static/-/Sites-patagonia-master/default/dwb901c3b0/images/hi-res/gray.jpg?sw=2000&sh=2000&ox=0&oy=0&oimg=https%3A%2F%2Fwww.patagonia.com%2Fdw%2Fimage%2Fv2%2FBDJB_PRD%2Fon%2Fdemandware.static%2F-%2FSites-patagonia-master%2Fdefault%2Fdw285901e1%2Fimages%2Fhi-res%2F25528_PEK_OM1.png%3Fsw%3D2000%26sh%3D2000%26q%3D75&sfrm=png&q=75', 'https://www.patagonia.com/dw/image/v2/BDJB_PRD/on/demandware.static/-/Sites-patagonia-master/default/dwb901c3b0/images/hi-res/gray.jpg?sw=2000&sh=2000&ox=0&oy=0&oimg=https%3A%2F%2Fwww.patagonia.com%2Fdw%2Fimage%2Fv2%2FBDJB_PRD%2Fon%2Fdemandware.static%2F-%2FSites-patagonia-master%2Fdefault%2Fdw46677302%2Fimages%2Fhi-res%2F25528_PEK_OM2.png%3Fsw%3D2000%26sh%3D2000%26q%3D75&sfrm=png&q=75', 'https://www.patagonia.com/dw/image/v2/BDJB_PRD/on/demandware.static/-/Sites-patagonia-master/default/dwb901c3b0/images/hi-res/gray.jpg?sw=140&sh=140&ox=0&oy=0&oimg=https%3A%2F%2Fwww.patagonia.com%2Fdw%2Fimage%2Fv2%2FBDJB_PRD%2Fon%2Fdemandware.static%2F-%2FSites-patagonia-master%2Fdefault%2Fdw9229153e%2Fimages%2Fhi-res%2F25528_PEK_OM3.png%3Fsw%3D140%26sh%3D140%26q%3D80&sfrm=png&q=80', 'https://www.patagonia.com/dw/image/v2/BDJB_PRD/on/demandware.static/-/Sites-patagonia-master/default/dwb901c3b0/images/hi-res/gray.jpg?sw=140&sh=140&ox=0&oy=0&oimg=https%3A%2F%2Fwww.patagonia.com%2Fdw%2Fimage%2Fv2%2FBDJB_PRD%2Fon%2Fdemandware.static%2F-%2FSites-patagonia-master%2Fdefault%2Fdw69368c35%2Fimages%2Fhi-res%2F25528_PEK_OPEN.png%3Fsw%3D140%26sh%3D140%26q%3D80&sfrm=png&q=80']"
Men's Better Sweater® Fleece Jacket,https://www.patagonia.com/dw/image/v2/BDJB_PRD/on/demandware.static/-/Sites-patagonia-master/default/dwb901c3b0/images/hi-res/gray.jpg?sw=800&sh=800&ox=0&oy=0&oimg=https%3A%2F%2Fwww.patagonia.com%2Fdw%2Fimage%2Fv2%2FBDJB_PRD%2Fon%2Fdemandware.static%2F-%2FSites-patagonia-master%2Fdefault%2Fdw8cca2ef2%2Fimages%2Fhi-res%2F25528_PIGR.png%3Fsw%3D800%26sh%3D800%26q%3D95&sfrm=png&q=95,"['https://www.patagonia.com/dw/image/v2/BDJB_PRD/on/demandware.static/-/Sites-patagonia-master/default/dwb901c3b0/images/hi-res/gray.jpg?sw=2000&sh=2000&ox=0&oy=0&oimg=https%3A%2F%2Fwww.patagonia.com%2Fdw%2Fimage%2Fv2%2FBDJB_PRD%2Fon%2Fdemandware.static%2F-%2FSites-patagonia-master%2Fdefault%2Fdw49129be9%2Fimages%2Fhi-res%2F25528_PIGR_OM1.png%3Fsw%3D2000%26sh%3D2000%26q%3D75&sfrm=png&q=75', 'https://www.patagonia.com/dw/image/v2/BDJB_PRD/on/demandware.static/-/Sites-patagonia-master/default/dwb901c3b0/images/hi-res/gray.jpg?sw=2000&sh=2000&ox=0&oy=0&oimg=https%3A%2F%2Fwww.patagonia.com%2Fdw%2Fimage%2Fv2%2FBDJB_PRD%2Fon%2Fdemandware.static%2F-%2FSites-patagonia-master%2Fdefault%2Fdw249ff718%2Fimages%2Fhi-res%2F25528_PIGR_OM2.png%3Fsw%3D2000%26sh%3D2000%26q%3D75&sfrm=png&q=75']"
Men's Better Sweater® Fleece Jacket,https://www.patagonia.com/dw/image/v2/BDJB_PRD/on/demandware.static/-/Sites-patagonia-master/default/dwb901c3b0/images/hi-res/gray.jpg?sw=800&sh=800&ox=0&oy=0&oimg=https%3A%2F%2Fwww.patagonia.com%2Fdw%2Fimage%2Fv2%2FBDJB_PRD%2Fon%2Fdemandware.static%2F-%2FSites-patagonia-master%2Fdefault%2Fdwd050cc50%2Fimages%2Fhi-res%2F25528_STH.png%3Fsw%3D800%26sh%3D800%26q%3D95&sfrm=png&q=95,"['https://www.patagonia.com/dw/image/v2/BDJB_PRD/on/demandware.static/-/Sites-patagonia-master/default/dwb901c3b0/images/hi-res/gray.jpg?sw=2000&sh=2000&ox=0&oy=0&oimg=https%3A%2F%2Fwww.patagonia.com%2Fdw%2Fimage%2Fv2%2FBDJB_PRD%2Fon%2Fdemandware.static%2F-%2FSites-patagonia-master%2Fdefault%2Fdw5c805dd4%2Fimages%2Fhi-res%2F25528_STH_OM1.png%3Fsw%3D2000%26sh%3D2000%26q%3D75&sfrm=png&q=75', 'https://www.patagonia.com/dw/image/v2/BDJB_PRD/on/demandware.static/-/Sites-patagonia-master/default/dwb901c3b0/images/hi-res/gray.jpg?sw=2000&sh=2000&ox=0&oy=0&oimg=https%3A%2F%2Fwww.patagonia.com%2Fdw%2Fimage%2Fv2%2FBDJB_PRD%2Fon%2Fdemandware.static%2F-%2FSites-patagonia-master%2Fdefault%2Fdw6f0e640a%2Fimages%2Fhi-res%2F25528_STH_OM2.png%3Fsw%3D2000%26sh%3D2000%26q%3D75&sfrm=png&q=75', 'https://www.patagonia.com/dw/image/v2/BDJB_PRD/on/demandware.static/-/Sites-patagonia-master/default/dwb901c3b0/images/hi-res/gray.jpg?sw=140&sh=140&ox=0&oy=0&oimg=https%3A%2F%2Fwww.patagonia.com%2Fdw%2Fimage%2Fv2%2FBDJB_PRD%2Fon%2Fdemandware.static%2F-%2FSites-patagonia-master%2Fdefault%2Fdw38870356%2Fimages%2Fhi-res%2F25528_STH_OM4.png%3Fsw%3D140%26sh%3D140%26q%3D80&sfrm=png&q=80']"
Men's Better Sweater® Fleece Jacket,https://www.patagonia.com/dw/image/v2/BDJB_PRD/on/demandware.static/-/Sites-patagonia-master/default/dwb901c3b0/images/hi-res/gray.jpg?sw=800&sh=800&ox=0&oy=0&oimg=https%3A%2F%2Fwww.patagonia.com%2Fdw%2Fimage%2Fv2%2FBDJB_PRD%2Fon%2Fdemandware.static%2F-%2FSites-patagonia-master%2Fdefault%2Fdw5d02a481%2Fimages%2Fhi-res%2F25528_BEPG.png%3Fsw%3D800%26sh%3D800%26q%3D95&sfrm=png&q=95,"['https://www.patagonia.com/dw/image/v2/BDJB_PRD/on/demandware.static/-/Sites-patagonia-master/default/dwb901c3b0/images/hi-res/gray.jpg?sw=2000&sh=2000&ox=0&oy=0&oimg=https%3A%2F%2Fwww.patagonia.com%2Fdw%2Fimage%2Fv2%2FBDJB_PRD%2Fon%2Fdemandware.static%2F-%2FSites-patagonia-master%2Fdefault%2Fdw54bda796%2Fimages%2Fhi-res%2F25528_BEPG_OM1.png%3Fsw%3D2000%26sh%3D2000%26q%3D75&sfrm=png&q=75', 'https://www.patagonia.com/dw/image/v2/BDJB_PRD/on/demandware.static/-/Sites-patagonia-master/default/dwb901c3b0/images/hi-res/gray.jpg?sw=2000&sh=2000&ox=0&oy=0&oimg=https%3A%2F%2Fwww.patagonia.com%2Fdw%2Fimage%2Fv2%2FBDJB_PRD%2Fon%2Fdemandware.static%2F-%2FSites-patagonia-master%2Fdefault%2Fdw0ebd54da%2Fimages%2Fhi-res%2F25528_BEPG_OM2.png%3Fsw%3D2000%26sh%3D2000%26q%3D75&sfrm=png&q=75']"
Men's Better Sweater® Fleece Jacket,https://www.patagonia.com/dw/image/v2/BDJB_PRD/on/demandware.static/-/Sites-patagonia-master/default/dwb901c3b0/images/hi-res/gray.jpg?sw=800&sh=800&ox=0&oy=0&oimg=https%3A%2F%2Fwww.patagonia.com%2Fdw%2Fimage%2Fv2%2FBDJB_PRD%2Fon%2Fdemandware.static%2F-%2FSites-patagonia-master%2Fdefault%2Fdw28dfb4f4%2Fimages%2Fhi-res%2F25528_BLPA.png%3Fsw%3D800%26sh%3D800%26q%3D95&sfrm=png&q=95,"['https://www.patagonia.com/dw/image/v2/BDJB_PRD/on/demandware.static/-/Sites-patagonia-master/default/dwb901c3b0/images/hi-res/gray.jpg?sw=2000&sh=2000&ox=0&oy=0&oimg=https%3A%2F%2Fwww.patagonia.com%2Fdw%2Fimage%2Fv2%2FBDJB_PRD%2Fon%2Fdemandware.static%2F-%2FSites-patagonia-master%2Fdefault%2Fdw5792d180%2Fimages%2Fhi-res%2F25528_BLPA_OM1.png%3Fsw%3D2000%26sh%3D2000%26q%3D75&sfrm=png&q=75', 'https://www.patagonia.com/dw/image/v2/BDJB_PRD/on/demandware.static/-/Sites-patagonia-master/default/dwb901c3b0/images/hi-res/gray.jpg?sw=2000&sh=2000&ox=0&oy=0&oimg=https%3A%2F%2Fwww.patagonia.com%2Fdw%2Fimage%2Fv2%2FBDJB_PRD%2Fon%2Fdemandware.static%2F-%2FSites-patagonia-master%2Fdefault%2Fdw2ae519fc%2Fimages%2Fhi-res%2F25528_BLPA_OM2.png%3Fsw%3D2000%26sh%3D2000%26q%3D75&sfrm=png&q=75']"
Men's Better Sweater® Fleece Jacket,https://www.patagonia.com/dw/image/v2/BDJB_PRD/on/demandware.static/-/Sites-patagonia-master/default/dwb901c3b0/images/hi-res/gray.jpg?sw=800&sh=800&ox=0&oy=0&oimg=https%3A%2F%2Fwww.patagonia.com%2Fdw%2Fimage%2Fv2%2FBDJB_PRD%2Fon%2Fdemandware.static%2F-%2FSites-patagonia-master%2Fdefault%2Fdwc7821b28%2Fimages%2Fhi-res%2F25528_ELGR.png%3Fsw%3D800%26sh%3D800%26q%3D95&sfrm=png&q=95,"['https://www.patagonia.com/dw/image/v2/BDJB_PRD/on/demandware.static/-/Sites-patagonia-master/default/dwb901c3b0/images/hi-res/gray.jpg?sw=2000&sh=2000&ox=0&oy=0&oimg=https%3A%2F%2Fwww.patagonia.com%2Fdw%2Fimage%2Fv2%2FBDJB_PRD%2Fon%2Fdemandware.static%2F-%2FSites-patagonia-master%2Fdefault%2Fdwb24d105f%2Fimages%2Fhi-res%2F25528_ELGR_CS1.png%3Fsw%3D2000%26sh%3D2000%26q%3D75&sfrm=png&q=75', 'https://www.patagonia.com/dw/image/v2/BDJB_PRD/on/demandware.static/-/Sites-patagonia-master/default/dwb901c3b0/images/hi-res/gray.jpg?sw=2000&sh=2000&ox=0&oy=0&oimg=https%3A%2F%2Fwww.patagonia.com%2Fdw%2Fimage%2Fv2%2FBDJB_PRD%2Fon%2Fdemandware.static%2F-%2FSites-patagonia-master%2Fdefault%2Fdw8d669d8d%2Fimages%2Fhi-res%2F25528_ELGR_CS2.png%3Fsw%3D2000%26sh%3D2000%26q%3D75&sfrm=png&q=75']"
Men's Better Sweater® Fleece Jacket,https://www.patagonia.com/dw/image/v2/BDJB_PRD/on/demandware.static/-/Sites-patagonia-master/default/dwb901c3b0/images/hi-res/gray.jpg?sw=800&sh=800&ox=0&oy=0&oimg=https%3A%2F%2Fwww.patagonia.com%2Fdw%2Fimage%2Fv2%2FBDJB_PRD%2Fon%2Fdemandware.static%2F-%2FSites-patagonia-master%2Fdefault%2Fdw1c8e9262%2Fimages%2Fhi-res%2F25528_NKFG.png%3Fsw%3D800%26sh%3D800%26q%3D95&sfrm=png&q=95,"['https://www.patagonia.com/dw/image/v2/BDJB_PRD/on/demandware.static/-/Sites-patagonia-master/default/dwb901c3b0/images/hi-res/gray.jpg?sw=2000&sh=2000&ox=0&oy=0&oimg=https%3A%2F%2Fwww.patagonia.com%2Fdw%2Fimage%2Fv2%2FBDJB_PRD%2Fon%2Fdemandware.static%2F-%2FSites-patagonia-master%2Fdefault%2Fdwbf231e63%2Fimages%2Fhi-res%2F25528_NKFG_JB1.png%3Fsw%3D2000%26sh%3D2000%26q%3D75&sfrm=png&q=75', 'https://www.patagonia.com/dw/image/v2/BDJB_PRD/on/demandware.static/-/Sites-patagonia-master/default/dwb901c3b0/images/hi-res/gray.jpg?sw=2000&sh=2000&ox=0&oy=0&oimg=https%3A%2F%2Fwww.patagonia.com%2Fdw%2Fimage%2Fv2%2FBDJB_PRD%2Fon%2Fdemandware.static%2F-%2FSites-patagonia-master%2Fdefault%2Fdw5ea2a487%2Fimages%2Fhi-res%2F25528_NKFG_JB2.png%3Fsw%3D2000%26sh%3D2000%26q%3D75&sfrm=png&q=75']"
Men's Better Sweater® Fleece Jacket,https://www.patagonia.com/dw/image/v2/BDJB_PRD/on/demandware.static/-/Sites-patagonia-master/default/dwb901c3b0/images/hi-res/gray.jpg?sw=800&sh=800&ox=0&oy=0&oimg=https%3A%2F%2Fwww.patagonia.com%2Fdw%2Fimage%2Fv2%2FBDJB_PRD%2Fon%2Fdemandware.static%2F-%2FSites-patagonia-master%2Fdefault%2Fdw3d461566%2Fimages%2Fhi-res%2F25528_PGBE.png%3Fsw%3D800%26sh%3D800%26q%3D95&sfrm=png&q=95,"['https://www.patagonia.com/dw/image/v2/BDJB_PRD/on/demandware.static/-/Sites-patagonia-master/default/dwb901c3b0/images/hi-res/gray.jpg?sw=2000&sh=2000&ox=0&oy=0&oimg=https%3A%2F%2Fwww.patagonia.com%2Fdw%2Fimage%2Fv2%2FBDJB_PRD%2Fon%2Fdemandware.static%2F-%2FSites-patagonia-master%2Fdefault%2Fdwa93e32b8%2Fimages%2Fhi-res%2F25528_PGBE_MK1.png%3Fsw%3D2000%26sh%3D2000%26q%3D75&sfrm=png&q=75', 'https://www.patagonia.com/dw/image/v2/BDJB_PRD/on/demandware.static/-/Sites-patagonia-master/default/dwb901c3b0/images/hi-res/gray.jpg?sw=2000&sh=2000&ox=0&oy=0&oimg=https%3A%2F%2Fwww.patagonia.com%2Fdw%2Fimage%2Fv2%2FBDJB_PRD%2Fon%2Fdemandware.static%2F-%2FSites-patagonia-master%2Fdefault%2Fdwa5820f96%2Fimages%2Fhi-res%2F25528_PGBE_MK2.png%3Fsw%3D2000%26sh%3D2000%26q%3D75&sfrm=png&q=75', 'https://www.patagonia.com/dw/image/v2/BDJB_PRD/on/demandware.static/-/Sites-patagonia-master/default/dwb901c3b0/images/hi-res/gray.jpg?sw=140&sh=140&ox=0&oy=0&oimg=https%3A%2F%2Fwww.patagonia.com%2Fdw%2Fimage%2Fv2%2FBDJB_PRD%2Fon%2Fdemandware.static%2F-%2FSites-patagonia-master%2Fdefault%2Fdwcfdd366c%2Fimages%2Fhi-res%2F25528_PGBE_MK3.png%3Fsw%3D140%26sh%3D140%26q%3D80&sfrm=png&q=80']"
Men's Fog Cutter Sweater,https://www.patagonia.com/dw/image/v2/BDJB_PRD/on/demandware.static/-/Sites-patagonia-master/default/dwb901c3b0/images/hi-res/gray.jpg?sw=800&sh=800&ox=0&oy=0&oimg=https%3A%2F%2Fwww.patagonia.com%2Fdw%2Fimage%2Fv2%2FBDJB_PRD%2Fon%2Fdemandware.static%2F-%2FSites-patagonia-master%2Fdefault%2Fdw241146ab%2Fimages%2Fhi-res%2F50581_BLK.png%3Fsw%3D800%26sh%3D800%26q%3D95&sfrm=png&q=95,"['https://www.patagonia.com/dw/image/v2/BDJB_PRD/on/demandware.static/-/Sites-patagonia-master/default/dwb901c3b0/images/hi-res/gray.jpg?sw=2000&sh=2000&ox=0&oy=0&oimg=https%3A%2F%2Fwww.patagonia.com%2Fdw%2Fimage%2Fv2%2FBDJB_PRD%2Fon%2Fdemandware.static%2F-%2FSites-patagonia-master%2Fdefault%2Fdwea502916%2Fimages%2Fhi-res%2F50581_ARGR_OM1.png%3Fsw%3D2000%26sh%3D2000%26q%3D75&sfrm=png&q=75', 'https://www.patagonia.com/dw/image/v2/BDJB_PRD/on/demandware.static/-/Sites-patagonia-master/default/dwb901c3b0/images/hi-res/gray.jpg?sw=2000&sh=2000&ox=0&oy=0&oimg=https%3A%2F%2Fwww.patagonia.com%2Fdw%2Fimage%2Fv2%2FBDJB_PRD%2Fon%2Fdemandware.static%2F-%2FSites-patagonia-master%2Fdefault%2Fdw75281ee2%2Fimages%2Fhi-res%2F50581_ARGR_OM2.png%3Fsw%3D2000%26sh%3D2000%26q%3D75&sfrm=png&q=75', 'https://www.patagonia.com/dw/image/v2/BDJB_PRD/on/demandware.static/-/Sites-patagonia-master/default/dwb901c3b0/images/hi-res/gray.jpg?sw=140&sh=140&ox=0&oy=0&oimg=https%3A%2F%2Fwww.patagonia.com%2Fdw%2Fimage%2Fv2%2FBDJB_PRD%2Fon%2Fdemandware.static%2F-%2FSites-patagonia-master%2Fdefault%2Fdw1ff515e5%2Fimages%2Fhi-res%2F50581_ARGR_OM3.png%3Fsw%3D140%26sh%3D140%26q%3D80&sfrm=png&q=80']"
Men's Fog Cutter Sweater,https://www.patagonia.com/dw/image/v2/BDJB_PRD/on/demandware.static/-/Sites-patagonia-master/default/dwb901c3b0/images/hi-res/gray.jpg?sw=800&sh=800&ox=0&oy=0&oimg=https%3A%2F%2Fwww.patagonia.com%2Fdw%2Fimage%2Fv2%2FBDJB_PRD%2Fon%2Fdemandware.static%2F-%2FSites-patagonia-master%2Fdefault%2Fdw4ca5b68d%2Fimages%2Fhi-res%2F50581_SEMT.png%3Fsw%3D800%26sh%3D800%26q%3D95&sfrm=png&q=95,"['https://www.patagonia.com/dw/image/v2/BDJB_PRD/on/demandware.static/-/Sites-patagonia-master/default/dwb901c3b0/images/hi-res/gray.jpg?sw=2000&sh=2000&ox=0&oy=0&oimg=https%3A%2F%2Fwww.patagonia.com%2Fdw%2Fimage%2Fv2%2FBDJB_PRD%2Fon%2Fdemandware.static%2F-%2FSites-patagonia-master%2Fdefault%2Fdwea502916%2Fimages%2Fhi-res%2F50581_ARGR_OM1.png%3Fsw%3D2000%26sh%3D2000%26q%3D75&sfrm=png&q=75', 'https://www.patagonia.com/dw/image/v2/BDJB_PRD/on/demandware.static/-/Sites-patagonia-master/default/dwb901c3b0/images/hi-res/gray.jpg?sw=2000&sh=2000&ox=0&oy=0&oimg=https%3A%2F%2Fwww.patagonia.com%2Fdw%2Fimage%2Fv2%2FBDJB_PRD%2Fon%2Fdemandware.static%2F-%2FSites-patagonia-master%2Fdefault%2Fdw75281ee2%2Fimages%2Fhi-res%2F50581_ARGR_OM2.png%3Fsw%3D2000%26sh%3D2000%26q%3D75&sfrm=png&q=75', 'https://www.patagonia.com/dw/image/v2/BDJB_PRD/on/demandware.static/-/Sites-patagonia-master/default/dwb901c3b0/images/hi-res/gray.jpg?sw=140&sh=140&ox=0&oy=0&oimg=https%3A%2F%2Fwww.patagonia.com%2Fdw%2Fimage%2Fv2%2FBDJB_PRD%2Fon%2Fdemandware.static%2F-%2FSites-patagonia-master%2Fdefault%2Fdw1ff515e5%2Fimages%2Fhi-res%2F50581_ARGR_OM3.png%3Fsw%3D140%26sh%3D140%26q%3D80&sfrm=png&q=80']"
Men's Fog Cutter Sweater,https://www.patagonia.com/dw/image/v2/BDJB_PRD/on/demandware.static/-/Sites-patagonia-master/default/dwb901c3b0/images/hi-res/gray.jpg?sw=800&sh=800&ox=0&oy=0&oimg=https%3A%2F%2Fwww.patagonia.com%2Fdw%2Fimage%2Fv2%2FBDJB_PRD%2Fon%2Fdemandware.static%2F-%2FSites-patagonia-master%2Fdefault%2Fdw8af5acd9%2Fimages%2Fhi-res%2F50581_ARGR.png%3Fsw%3D800%26sh%3D800%26q%3D95&sfrm=png&q=95,"['https://www.patagonia.com/dw/image/v2/BDJB_PRD/on/demandware.static/-/Sites-patagonia-master/default/dwb901c3b0/images/hi-res/gray.jpg?sw=2000&sh=2000&ox=0&oy=0&oimg=https%3A%2F%2Fwww.patagonia.com%2Fdw%2Fimage%2Fv2%2FBDJB_PRD%2Fon%2Fdemandware.static%2F-%2FSites-patagonia-master%2Fdefault%2Fdwea502916%2Fimages%2Fhi-res%2F50581_ARGR_OM1.png%3Fsw%3D2000%26sh%3D2000%26q%3D75&sfrm=png&q=75', 'https://www.patagonia.com/dw/image/v2/BDJB_PRD/on/demandware.static/-/Sites-patagonia-master/default/dwb901c3b0/images/hi-res/gray.jpg?sw=2000&sh=2000&ox=0&oy=0&oimg=https%3A%2F%2Fwww.patagonia.com%2Fdw%2Fimage%2Fv2%2FBDJB_PRD%2Fon%2Fdemandware.static%2F-%2FSites-patagonia-master%2Fdefault%2Fdw75281ee2%2Fimages%2Fhi-res%2F50581_ARGR_OM2.png%3Fsw%3D2000%26sh%3D2000%26q%3D75&sfrm=png&q=75', 'https://www.patagonia.com/dw/image/v2/BDJB_PRD/on/demandware.static/-/Sites-patagonia-master/default/dwb901c3b0/images/hi-res/gray.jpg?sw=140&sh=140&ox=0&oy=0&oimg=https%3A%2F%2Fwww.patagonia.com%2Fdw%2Fimage%2Fv2%2FBDJB_PRD%2Fon%2Fdemandware.static%2F-%2FSites-patagonia-master%2Fdefault%2Fdw1ff515e5%2Fimages%2Fhi-res%2F50581_ARGR_OM3.png%3Fsw%3D140%26sh%3D140%26q%3D80&sfrm=png&q=80']"
Men's Better Sweater® Fleece Henley Pullover,https://www.patagonia.com/dw/image/v2/BDJB_PRD/on/demandware.static/-/Sites-patagonia-master/default/dwb901c3b0/images/hi-res/gray.jpg?sw=800&sh=800&ox=0&oy=0&oimg=https%3A%2F%2Fwww.patagonia.com%2Fdw%2Fimage%2Fv2%2FBDJB_PRD%2Fon%2Fdemandware.static%2F-%2FSites-patagonia-master%2Fdefault%2Fdw618fa29a%2Fimages%2Fhi-res%2F25305_IGRK.png%3Fsw%3D800%26sh%3D800%26q%3D95&sfrm=png&q=95,"['https://www.patagonia.com/dw/image/v2/BDJB_PRD/on/demandware.static/-/Sites-patagonia-master/default/dwb901c3b0/images/hi-res/gray.jpg?sw=2000&sh=2000&ox=0&oy=0&oimg=https%3A%2F%2Fwww.patagonia.com%2Fdw%2Fimage%2Fv2%2FBDJB_PRD%2Fon%2Fdemandware.static%2F-%2FSites-patagonia-master%2Fdefault%2Fdw142dc1cc%2Fimages%2Fhi-res%2F25305_IGRK_OM1.png%3Fsw%3D2000%26sh%3D2000%26q%3D75&sfrm=png&q=75', 'https://www.patagonia.com/dw/image/v2/BDJB_PRD/on/demandware.static/-/Sites-patagonia-master/default/dwb901c3b0/images/hi-res/gray.jpg?sw=2000&sh=2000&ox=0&oy=0&oimg=https%3A%2F%2Fwww.patagonia.com%2Fdw%2Fimage%2Fv2%2FBDJB_PRD%2Fon%2Fdemandware.static%2F-%2FSites-patagonia-master%2Fdefault%2Fdw36199e0d%2Fimages%2Fhi-res%2F25305_IGRK_OM2.png%3Fsw%3D2000%26sh%3D2000%26q%3D75&sfrm=png&q=75', 'https://www.patagonia.com/dw/image/v2/BDJB_PRD/on/demandware.static/-/Sites-patagonia-master/default/dwb901c3b0/images/hi-res/gray.jpg?sw=140&sh=140&ox=0&oy=0&oimg=https%3A%2F%2Fwww.patagonia.com%2Fdw%2Fimage%2Fv2%2FBDJB_PRD%2Fon%2Fdemandware.static%2F-%2FSites-patagonia-master%2Fdefault%2Fdwb0bcdf56%2Fimages%2Fhi-res%2F25305_IGRK_OM3.png%3Fsw%3D140%26sh%3D140%26q%3D80&sfrm=png&q=80']"
Men's Better Sweater® Fleece Henley Pullover,https://www.patagonia.com/dw/image/v2/BDJB_PRD/on/demandware.static/-/Sites-patagonia-master/default/dwb901c3b0/images/hi-res/gray.jpg?sw=800&sh=800&ox=0&oy=0&oimg=https%3A%2F%2Fwww.patagonia.com%2Fdw%2Fimage%2Fv2%2FBDJB_PRD%2Fon%2Fdemandware.static%2F-%2FSites-patagonia-master%2Fdefault%2Fdwcbf4dc85%2Fimages%2Fhi-res%2F25305_NENA.png%3Fsw%3D800%26sh%3D800%26q%3D95&sfrm=png&q=95,"['https://www.patagonia.com/dw/image/v2/BDJB_PRD/on/demandware.static/-/Sites-patagonia-master/default/dwb901c3b0/images/hi-res/gray.jpg?sw=2000&sh=2000&ox=0&oy=0&oimg=https%3A%2F%2Fwww.patagonia.com%2Fdw%2Fimage%2Fv2%2FBDJB_PRD%2Fon%2Fdemandware.static%2F-%2FSites-patagonia-master%2Fdefault%2Fdw9f74db6e%2Fimages%2Fhi-res%2F25305_NENA_OM1.png%3Fsw%3D2000%26sh%3D2000%26q%3D75&sfrm=png&q=75', 'https://www.patagonia.com/dw/image/v2/BDJB_PRD/on/demandware.static/-/Sites-patagonia-master/default/dwb901c3b0/images/hi-res/gray.jpg?sw=2000&sh=2000&ox=0&oy=0&oimg=https%3A%2F%2Fwww.patagonia.com%2Fdw%2Fimage%2Fv2%2FBDJB_PRD%2Fon%2Fdemandware.static%2F-%2FSites-patagonia-master%2Fdefault%2Fdw059a72a7%2Fimages%2Fhi-res%2F25305_NENA_OM2.png%3Fsw%3D2000%26sh%3D2000%26q%3D75&sfrm=png&q=75', 'https://www.patagonia.com/dw/image/v2/BDJB_PRD/on/demandware.static/-/Sites-patagonia-master/default/dwb901c3b0/images/hi-res/gray.jpg?sw=140&sh=140&ox=0&oy=0&oimg=https%3A%2F%2Fwww.patagonia.com%2Fdw%2Fimage%2Fv2%2FBDJB_PRD%2Fon%2Fdemandware.static%2F-%2FSites-patagonia-master%2Fdefault%2Fdwc543d526%2Fimages%2Fhi-res%2F25305_NENA_OM3.png%3Fsw%3D140%26sh%3D140%26q%3D80&sfrm=png&q=80']"
Men's Better Sweater® Fleece Henley Pullover,https://www.patagonia.com/dw/image/v2/BDJB_PRD/on/demandware.static/-/Sites-patagonia-master/default/dwb901c3b0/images/hi-res/gray.jpg?sw=800&sh=800&ox=0&oy=0&oimg=https%3A%2F%2Fwww.patagonia.com%2Fdw%2Fimage%2Fv2%2FBDJB_PRD%2Fon%2Fdemandware.static%2F-%2FSites-patagonia-master%2Fdefault%2Fdw4ad78085%2Fimages%2Fhi-res%2F25305_PKRK.png%3Fsw%3D800%26sh%3D800%26q%3D95&sfrm=png&q=95,"['https://www.patagonia.com/dw/image/v2/BDJB_PRD/on/demandware.static/-/Sites-patagonia-master/default/dwb901c3b0/images/hi-res/gray.jpg?sw=2000&sh=2000&ox=0&oy=0&oimg=https%3A%2F%2Fwww.patagonia.com%2Fdw%2Fimage%2Fv2%2FBDJB_PRD%2Fon%2Fdemandware.static%2F-%2FSites-patagonia-master%2Fdefault%2Fdw9c90313e%2Fimages%2Fhi-res%2F25305_PKRK_OM1.png%3Fsw%3D2000%26sh%3D2000%26q%3D75&sfrm=png&q=75', 'https://www.patagonia.com/dw/image/v2/BDJB_PRD/on/demandware.static/-/Sites-patagonia-master/default/dwb901c3b0/images/hi-res/gray.jpg?sw=2000&sh=2000&ox=0&oy=0&oimg=https%3A%2F%2Fwww.patagonia.com%2Fdw%2Fimage%2Fv2%2FBDJB_PRD%2Fon%2Fdemandware.static%2F-%2FSites-patagonia-master%2Fdefault%2Fdw7221db5a%2Fimages%2Fhi-res%2F25305_PKRK_OM2.png%3Fsw%3D2000%26sh%3D2000%26q%3D75&sfrm=png&q=75', 'https://www.patagonia.com/dw/image/v2/BDJB_PRD/on/demandware.static/-/Sites-patagonia-master/default/dwb901c3b0/images/hi-res/gray.jpg?sw=140&sh=140&ox=0&oy=0&oimg=https%3A%2F%2Fwww.patagonia.com%2Fdw%2Fimage%2Fv2%2FBDJB_PRD%2Fon%2Fdemandware.static%2F-%2FSites-patagonia-master%2Fdefault%2Fdwc1152b91%2Fimages%2Fhi-res%2F25305_PKRK_OM3.png%3Fsw%3D140%26sh%3D140%26q%3D80&sfrm=png&q=80']"
Men's Better Sweater® Fleece Henley Pullover,https://www.patagonia.com/dw/image/v2/BDJB_PRD/on/demandware.static/-/Sites-patagonia-master/default/dwb901c3b0/images/hi-res/gray.jpg?sw=800&sh=800&ox=0&oy=0&oimg=https%3A%2F%2Fwww.patagonia.com%2Fdw%2Fimage%2Fv2%2FBDJB_PRD%2Fon%2Fdemandware.static%2F-%2FSites-patagonia-master%2Fdefault%2Fdw9aad5444%2Fimages%2Fhi-res%2F25305_STH.png%3Fsw%3D800%26sh%3D800%26q%3D95&sfrm=png&q=95,"['https://www.patagonia.com/dw/image/v2/BDJB_PRD/on/demandware.static/-/Sites-patagonia-master/default/dwb901c3b0/images/hi-res/gray.jpg?sw=2000&sh=2000&ox=0&oy=0&oimg=https%3A%2F%2Fwww.patagonia.com%2Fdw%2Fimage%2Fv2%2FBDJB_PRD%2Fon%2Fdemandware.static%2F-%2FSites-patagonia-master%2Fdefault%2Fdw569c5f0f%2Fimages%2Fhi-res%2F25305_STH_OM1.png%3Fsw%3D2000%26sh%3D2000%26q%3D75&sfrm=png&q=75', 'https://www.patagonia.com/dw/image/v2/BDJB_PRD/on/demandware.static/-/Sites-patagonia-master/default/dwb901c3b0/images/hi-res/gray.jpg?sw=2000&sh=2000&ox=0&oy=0&oimg=https%3A%2F%2Fwww.patagonia.com%2Fdw%2Fimage%2Fv2%2FBDJB_PRD%2Fon%2Fdemandware.static%2F-%2FSites-patagonia-master%2Fdefault%2Fdwa17ac56c%2Fimages%2Fhi-res%2F25305_STH_OM2.png%3Fsw%3D2000%26sh%3D2000%26q%3D75&sfrm=png&q=75', 'https://www.patagonia.com/dw/image/v2/BDJB_PRD/on/demandware.static/-/Sites-patagonia-master/default/dwb901c3b0/images/hi-res/gray.jpg?sw=140&sh=140&ox=0&oy=0&oimg=https%3A%2F%2Fwww.patagonia.com%2Fdw%2Fimage%2Fv2%2FBDJB_PRD%2Fon%2Fdemandware.static%2F-%2FSites-patagonia-master%2Fdefault%2Fdw126dafef%2Fimages%2Fhi-res%2F25305_STH_OM3.png%3Fsw%3D140%26sh%3D140%26q%3D80&sfrm=png&q=80']"
Men's Recycled Cashmere 1/4-Zip Sweater,https://www.patagonia.com/dw/image/v2/BDJB_PRD/on/demandware.static/-/Sites-patagonia-master/default/dwb901c3b0/images/hi-res/gray.jpg?sw=800&sh=800&ox=0&oy=0&oimg=https%3A%2F%2Fwww.patagonia.com%2Fdw%2Fimage%2Fv2%2FBDJB_PRD%2Fon%2Fdemandware.static%2F-%2FSites-patagonia-master%2Fdefault%2Fdw48af2b72%2Fimages%2Fhi-res%2F50600_FGE.png%3Fsw%3D800%26sh%3D800%26q%3D95&sfrm=png&q=95,"['https://www.patagonia.com/dw/image/v2/BDJB_PRD/on/demandware.static/-/Sites-patagonia-master/default/dwb901c3b0/images/hi-res/gray.jpg?sw=2000&sh=2000&ox=0&oy=0&oimg=https%3A%2F%2Fwww.patagonia.com%2Fdw%2Fimage%2Fv2%2FBDJB_PRD%2Fon%2Fdemandware.static%2F-%2FSites-patagonia-master%2Fdefault%2Fdw6733278a%2Fimages%2Fhi-res%2F50600_FGE_OM1.png%3Fsw%3D2000%26sh%3D2000%26q%3D75&sfrm=png&q=75', 'https://www.patagonia.com/dw/image/v2/BDJB_PRD/on/demandware.static/-/Sites-patagonia-master/default/dwb901c3b0/images/hi-res/gray.jpg?sw=2000&sh=2000&ox=0&oy=0&oimg=https%3A%2F%2Fwww.patagonia.com%2Fdw%2Fimage%2Fv2%2FBDJB_PRD%2Fon%2Fdemandware.static%2F-%2FSites-patagonia-master%2Fdefault%2Fdwf98a6a82%2Fimages%2Fhi-res%2F50600_FGE_OM2.png%3Fsw%3D2000%26sh%3D2000%26q%3D75&sfrm=png&q=75', 'https://www.patagonia.com/dw/image/v2/BDJB_PRD/on/demandware.static/-/Sites-patagonia-master/default/dwb901c3b0/images/hi-res/gray.jpg?sw=140&sh=140&ox=0&oy=0&oimg=https%3A%2F%2Fwww.patagonia.com%2Fdw%2Fimage%2Fv2%2FBDJB_PRD%2Fon%2Fdemandware.static%2F-%2FSites-patagonia-master%2Fdefault%2Fdw6e7572fb%2Fimages%2Fhi-res%2F50600_FGE_OM3.png%3Fsw%3D140%26sh%3D140%26q%3D80&sfrm=png&q=80']"
Men's Recycled Cashmere 1/4-Zip Sweater,https://www.patagonia.com/dw/image/v2/BDJB_PRD/on/demandware.static/-/Sites-patagonia-master/default/dwb901c3b0/images/hi-res/gray.jpg?sw=800&sh=800&ox=0&oy=0&oimg=https%3A%2F%2Fwww.patagonia.com%2Fdw%2Fimage%2Fv2%2FBDJB_PRD%2Fon%2Fdemandware.static%2F-%2FSites-patagonia-master%2Fdefault%2Fdw02ed5640%2Fimages%2Fhi-res%2F50600_NVYB.png%3Fsw%3D800%26sh%3D800%26q%3D95&sfrm=png&q=95,None
Men's Better Sweater® 1/4-Zip Fleece,https://www.patagonia.com/dw/image/v2/BDJB_PRD/on/demandware.static/-/Sites-patagonia-master/default/dwb901c3b0/images/hi-res/gray.jpg?sw=800&sh=800&ox=0&oy=0&oimg=https%3A%2F%2Fwww.patagonia.com%2Fdw%2Fimage%2Fv2%2FBDJB_PRD%2Fon%2Fdemandware.static%2F-%2FSites-patagonia-master%2Fdefault%2Fdw6ad6ca93%2Fimages%2Fhi-res%2F25523_BLK.png%3Fsw%3D800%26sh%3D800%26q%3D95&sfrm=png&q=95,"['https://www.patagonia.com/dw/image/v2/BDJB_PRD/on/demandware.static/-/Sites-patagonia-master/default/dwb901c3b0/images/hi-res/gray.jpg?sw=2000&sh=2000&ox=0&oy=0&oimg=https%3A%2F%2Fwww.patagonia.com%2Fdw%2Fimage%2Fv2%2FBDJB_PRD%2Fon%2Fdemandware.static%2F-%2FSites-patagonia-master%2Fdefault%2Fdw647186f1%2Fimages%2Fhi-res%2F25523_BLK_OM1.png%3Fsw%3D2000%26sh%3D2000%26q%3D75&sfrm=png&q=75', 'https://www.patagonia.com/dw/image/v2/BDJB_PRD/on/demandware.static/-/Sites-patagonia-master/default/dwb901c3b0/images/hi-res/gray.jpg?sw=2000&sh=2000&ox=0&oy=0&oimg=https%3A%2F%2Fwww.patagonia.com%2Fdw%2Fimage%2Fv2%2FBDJB_PRD%2Fon%2Fdemandware.static%2F-%2FSites-patagonia-master%2Fdefault%2Fdwd58624f5%2Fimages%2Fhi-res%2F25523_BLK_OM2.png%3Fsw%3D2000%26sh%3D2000%26q%3D75&sfrm=png&q=75']"
Men's Better Sweater® 1/4-Zip Fleece,https://www.patagonia.com/dw/image/v2/BDJB_PRD/on/demandware.static/-/Sites-patagonia-master/default/dwb901c3b0/images/hi-res/gray.jpg?sw=800&sh=800&ox=0&oy=0&oimg=https%3A%2F%2Fwww.patagonia.com%2Fdw%2Fimage%2Fv2%2FBDJB_PRD%2Fon%2Fdemandware.static%2F-%2FSites-patagonia-master%2Fdefault%2Fdwfb1dc6bf%2Fimages%2Fhi-res%2F25523_BLPA.png%3Fsw%3D800%26sh%3D800%26q%3D95&sfrm=png&q=95,"['https://www.patagonia.com/dw/image/v2/BDJB_PRD/on/demandware.static/-/Sites-patagonia-master/default/dwb901c3b0/images/hi-res/gray.jpg?sw=2000&sh=2000&ox=0&oy=0&oimg=https%3A%2F%2Fwww.patagonia.com%2Fdw%2Fimage%2Fv2%2FBDJB_PRD%2Fon%2Fdemandware.static%2F-%2FSites-patagonia-master%2Fdefault%2Fdw27ea53e5%2Fimages%2Fhi-res%2F25523_BLPA_OM1.png%3Fsw%3D2000%26sh%3D2000%26q%3D75&sfrm=png&q=75', 'https://www.patagonia.com/dw/image/v2/BDJB_PRD/on/demandware.static/-/Sites-patagonia-master/default/dwb901c3b0/images/hi-res/gray.jpg?sw=2000&sh=2000&ox=0&oy=0&oimg=https%3A%2F%2Fwww.patagonia.com%2Fdw%2Fimage%2Fv2%2FBDJB_PRD%2Fon%2Fdemandware.static%2F-%2FSites-patagonia-master%2Fdefault%2Fdw275a2468%2Fimages%2Fhi-res%2F25523_BLPA_OM2.png%3Fsw%3D2000%26sh%3D2000%26q%3D75&sfrm=png&q=75']"
Men's Better Sweater® 1/4-Zip Fleece,https://www.patagonia.com/dw/image/v2/BDJB_PRD/on/demandware.static/-/Sites-patagonia-master/default/dwb901c3b0/images/hi-res/gray.jpg?sw=800&sh=800&ox=0&oy=0&oimg=https%3A%2F%2Fwww.patagonia.com%2Fdw%2Fimage%2Fv2%2FBDJB_PRD%2Fon%2Fdemandware.static%2F-%2FSites-patagonia-master%2Fdefault%2Fdwf05e337a%2Fimages%2Fhi-res%2F25523_INDG.png%3Fsw%3D800%26sh%3D800%26q%3D95&sfrm=png&q=95,"['https://www.patagonia.com/dw/image/v2/BDJB_PRD/on/demandware.static/-/Sites-patagonia-master/default/dwb901c3b0/images/hi-res/gray.jpg?sw=2000&sh=2000&ox=0&oy=0&oimg=https%3A%2F%2Fwww.patagonia.com%2Fdw%2Fimage%2Fv2%2FBDJB_PRD%2Fon%2Fdemandware.static%2F-%2FSites-patagonia-master%2Fdefault%2Fdw6aa632b4%2Fimages%2Fhi-res%2F25523_INDG_OM1.png%3Fsw%3D2000%26sh%3D2000%26q%3D75&sfrm=png&q=75', 'https://www.patagonia.com/dw/image/v2/BDJB_PRD/on/demandware.static/-/Sites-patagonia-master/default/dwb901c3b0/images/hi-res/gray.jpg?sw=2000&sh=2000&ox=0&oy=0&oimg=https%3A%2F%2Fwww.patagonia.com%2Fdw%2Fimage%2Fv2%2FBDJB_PRD%2Fon%2Fdemandware.static%2F-%2FSites-patagonia-master%2Fdefault%2Fdw3f17a26d%2Fimages%2Fhi-res%2F25523_INDG_OM2.png%3Fsw%3D2000%26sh%3D2000%26q%3D75&sfrm=png&q=75']"
Men's Better Sweater® 1/4-Zip Fleece,https://www.patagonia.com/dw/image/v2/BDJB_PRD/on/demandware.static/-/Sites-patagonia-master/default/dwb901c3b0/images/hi-res/gray.jpg?sw=800&sh=800&ox=0&oy=0&oimg=https%3A%2F%2Fwww.patagonia.com%2Fdw%2Fimage%2Fv2%2FBDJB_PRD%2Fon%2Fdemandware.static%2F-%2FSites-patagonia-master%2Fdefault%2Fdwfb311f93%2Fimages%2Fhi-res%2F25523_LDBR.png%3Fsw%3D800%26sh%3D800%26q%3D95&sfrm=png&q=95,"['https://www.patagonia.com/dw/image/v2/BDJB_PRD/on/demandware.static/-/Sites-patagonia-master/default/dwb901c3b0/images/hi-res/gray.jpg?sw=2000&sh=2000&ox=0&oy=0&oimg=https%3A%2F%2Fwww.patagonia.com%2Fdw%2Fimage%2Fv2%2FBDJB_PRD%2Fon%2Fdemandware.static%2F-%2FSites-patagonia-master%2Fdefault%2Fdw105cf584%2Fimages%2Fhi-res%2F25523_LDBR_OM1.png%3Fsw%3D2000%26sh%3D2000%26q%3D75&sfrm=png&q=75', 'https://www.patagonia.com/dw/image/v2/BDJB_PRD/on/demandware.static/-/Sites-patagonia-master/default/dwb901c3b0/images/hi-res/gray.jpg?sw=2000&sh=2000&ox=0&oy=0&oimg=https%3A%2F%2Fwww.patagonia.com%2Fdw%2Fimage%2Fv2%2FBDJB_PRD%2Fon%2Fdemandware.static%2F-%2FSites-patagonia-master%2Fdefault%2Fdwe4a174f9%2Fimages%2Fhi-res%2F25523_LDBR_OM2.png%3Fsw%3D2000%26sh%3D2000%26q%3D75&sfrm=png&q=75']"
Men's Better Sweater® 1/4-Zip Fleece,https://www.patagonia.com/dw/image/v2/BDJB_PRD/on/demandware.static/-/Sites-patagonia-master/default/dwb901c3b0/images/hi-res/gray.jpg?sw=800&sh=800&ox=0&oy=0&oimg=https%3A%2F%2Fwww.patagonia.com%2Fdw%2Fimage%2Fv2%2FBDJB_PRD%2Fon%2Fdemandware.static%2F-%2FSites-patagonia-master%2Fdefault%2Fdw0aa115f2%2Fimages%2Fhi-res%2F25523_NENA.png%3Fsw%3D800%26sh%3D800%26q%3D95&sfrm=png&q=95,"['https://www.patagonia.com/dw/image/v2/BDJB_PRD/on/demandware.static/-/Sites-patagonia-master/default/dwb901c3b0/images/hi-res/gray.jpg?sw=2000&sh=2000&ox=0&oy=0&oimg=https%3A%2F%2Fwww.patagonia.com%2Fdw%2Fimage%2Fv2%2FBDJB_PRD%2Fon%2Fdemandware.static%2F-%2FSites-patagonia-master%2Fdefault%2Fdw224824a9%2Fimages%2Fhi-res%2F25523_NENA_OM1.png%3Fsw%3D2000%26sh%3D2000%26q%3D75&sfrm=png&q=75', 'https://www.patagonia.com/dw/image/v2/BDJB_PRD/on/demandware.static/-/Sites-patagonia-master/default/dwb901c3b0/images/hi-res/gray.jpg?sw=2000&sh=2000&ox=0&oy=0&oimg=https%3A%2F%2Fwww.patagonia.com%2Fdw%2Fimage%2Fv2%2FBDJB_PRD%2Fon%2Fdemandware.static%2F-%2FSites-patagonia-master%2Fdefault%2Fdwa89e3625%2Fimages%2Fhi-res%2F25523_NENA_OM2.png%3Fsw%3D2000%26sh%3D2000%26q%3D75&sfrm=png&q=75']"
Men's Better Sweater® 1/4-Zip Fleece,https://www.patagonia.com/dw/image/v2/BDJB_PRD/on/demandware.static/-/Sites-patagonia-master/default/dwb901c3b0/images/hi-res/gray.jpg?sw=800&sh=800&ox=0&oy=0&oimg=https%3A%2F%2Fwww.patagonia.com%2Fdw%2Fimage%2Fv2%2FBDJB_PRD%2Fon%2Fdemandware.static%2F-%2FSites-patagonia-master%2Fdefault%2Fdw571b0fed%2Fimages%2Fhi-res%2F25523_NKFG.png%3Fsw%3D800%26sh%3D800%26q%3D95&sfrm=png&q=95,"['https://www.patagonia.com/dw/image/v2/BDJB_PRD/on/demandware.static/-/Sites-patagonia-master/default/dwb901c3b0/images/hi-res/gray.jpg?sw=2000&sh=2000&ox=0&oy=0&oimg=https%3A%2F%2Fwww.patagonia.com%2Fdw%2Fimage%2Fv2%2FBDJB_PRD%2Fon%2Fdemandware.static%2F-%2FSites-patagonia-master%2Fdefault%2Fdwaa6e303a%2Fimages%2Fhi-res%2F25523_NKFG_OM1.png%3Fsw%3D2000%26sh%3D2000%26q%3D75&sfrm=png&q=75', 'https://www.patagonia.com/dw/image/v2/BDJB_PRD/on/demandware.static/-/Sites-patagonia-master/default/dwb901c3b0/images/hi-res/gray.jpg?sw=2000&sh=2000&ox=0&oy=0&oimg=https%3A%2F%2Fwww.patagonia.com%2Fdw%2Fimage%2Fv2%2FBDJB_PRD%2Fon%2Fdemandware.static%2F-%2FSites-patagonia-master%2Fdefault%2Fdw19d4a002%2Fimages%2Fhi-res%2F25523_NKFG_OM2.png%3Fsw%3D2000%26sh%3D2000%26q%3D75&sfrm=png&q=75']"
Men's Better Sweater® 1/4-Zip Fleece,https://www.patagonia.com/dw/image/v2/BDJB_PRD/on/demandware.static/-/Sites-patagonia-master/default/dwb901c3b0/images/hi-res/gray.jpg?sw=800&sh=800&ox=0&oy=0&oimg=https%3A%2F%2Fwww.patagonia.com%2Fdw%2Fimage%2Fv2%2FBDJB_PRD%2Fon%2Fdemandware.static%2F-%2FSites-patagonia-master%2Fdefault%2Fdwafd62a74%2Fimages%2Fhi-res%2F25523_NKL.png%3Fsw%3D800%26sh%3D800%26q%3D95&sfrm=png&q=95,"['https://www.patagonia.com/dw/image/v2/BDJB_PRD/on/demandware.static/-/Sites-patagonia-master/default/dwb901c3b0/images/hi-res/gray.jpg?sw=2000&sh=2000&ox=0&oy=0&oimg=https%3A%2F%2Fwww.patagonia.com%2Fdw%2Fimage%2Fv2%2FBDJB_PRD%2Fon%2Fdemandware.static%2F-%2FSites-patagonia-master%2Fdefault%2Fdw94a36d9e%2Fimages%2Fhi-res%2F25523_NKL_OM1.png%3Fsw%3D2000%26sh%3D2000%26q%3D75&sfrm=png&q=75', 'https://www.patagonia.com/dw/image/v2/BDJB_PRD/on/demandware.static/-/Sites-patagonia-master/default/dwb901c3b0/images/hi-res/gray.jpg?sw=2000&sh=2000&ox=0&oy=0&oimg=https%3A%2F%2Fwww.patagonia.com%2Fdw%2Fimage%2Fv2%2FBDJB_PRD%2Fon%2Fdemandware.static%2F-%2FSites-patagonia-master%2Fdefault%2Fdw6688fc45%2Fimages%2Fhi-res%2F25523_NKL_OM2.png%3Fsw%3D2000%26sh%3D2000%26q%3D75&sfrm=png&q=75']"
Men's Better Sweater® 1/4-Zip Fleece,https://www.patagonia.com/dw/image/v2/BDJB_PRD/on/demandware.static/-/Sites-patagonia-master/default/dwb901c3b0/images/hi-res/gray.jpg?sw=800&sh=800&ox=0&oy=0&oimg=https%3A%2F%2Fwww.patagonia.com%2Fdw%2Fimage%2Fv2%2FBDJB_PRD%2Fon%2Fdemandware.static%2F-%2FSites-patagonia-master%2Fdefault%2Fdw38242003%2Fimages%2Fhi-res%2F25523_PIGR.png%3Fsw%3D800%26sh%3D800%26q%3D95&sfrm=png&q=95,"['https://www.patagonia.com/dw/image/v2/BDJB_PRD/on/demandware.static/-/Sites-patagonia-master/default/dwb901c3b0/images/hi-res/gray.jpg?sw=2000&sh=2000&ox=0&oy=0&oimg=https%3A%2F%2Fwww.patagonia.com%2Fdw%2Fimage%2Fv2%2FBDJB_PRD%2Fon%2Fdemandware.static%2F-%2FSites-patagonia-master%2Fdefault%2Fdw9a086d87%2Fimages%2Fhi-res%2F25523_PIGR_OM1.png%3Fsw%3D2000%26sh%3D2000%26q%3D75&sfrm=png&q=75', 'https://www.patagonia.com/dw/image/v2/BDJB_PRD/on/demandware.static/-/Sites-patagonia-master/default/dwb901c3b0/images/hi-res/gray.jpg?sw=2000&sh=2000&ox=0&oy=0&oimg=https%3A%2F%2Fwww.patagonia.com%2Fdw%2Fimage%2Fv2%2FBDJB_PRD%2Fon%2Fdemandware.static%2F-%2FSites-patagonia-master%2Fdefault%2Fdwd90b6f9d%2Fimages%2Fhi-res%2F25523_PIGR_OM2.png%3Fsw%3D2000%26sh%3D2000%26q%3D75&sfrm=png&q=75', 'https://www.patagonia.com/dw/image/v2/BDJB_PRD/on/demandware.static/-/Sites-patagonia-master/default/dwb901c3b0/images/hi-res/gray.jpg?sw=140&sh=140&ox=0&oy=0&oimg=https%3A%2F%2Fwww.patagonia.com%2Fdw%2Fimage%2Fv2%2FBDJB_PRD%2Fon%2Fdemandware.static%2F-%2FSites-patagonia-master%2Fdefault%2Fdwcf50a05f%2Fimages%2Fhi-res%2F25523_PIGR_OM3.png%3Fsw%3D140%26sh%3D140%26q%3D80&sfrm=png&q=80']"
Men's Better Sweater® 1/4-Zip Fleece,https://www.patagonia.com/dw/image/v2/BDJB_PRD/on/demandware.static/-/Sites-patagonia-master/default/dwb901c3b0/images/hi-res/gray.jpg?sw=800&sh=800&ox=0&oy=0&oimg=https%3A%2F%2Fwww.patagonia.com%2Fdw%2Fimage%2Fv2%2FBDJB_PRD%2Fon%2Fdemandware.static%2F-%2FSites-patagonia-master%2Fdefault%2Fdwf18968ed%2Fimages%2Fhi-res%2F25523_STH.png%3Fsw%3D800%26sh%3D800%26q%3D95&sfrm=png&q=95,"['https://www.patagonia.com/dw/image/v2/BDJB_PRD/on/demandware.static/-/Sites-patagonia-master/default/dwb901c3b0/images/hi-res/gray.jpg?sw=2000&sh=2000&ox=0&oy=0&oimg=https%3A%2F%2Fwww.patagonia.com%2Fdw%2Fimage%2Fv2%2FBDJB_PRD%2Fon%2Fdemandware.static%2F-%2FSites-patagonia-master%2Fdefault%2Fdw856bb994%2Fimages%2Fhi-res%2F25523_STH_OM1.png%3Fsw%3D2000%26sh%3D2000%26q%3D75&sfrm=png&q=75', 'https://www.patagonia.com/dw/image/v2/BDJB_PRD/on/demandware.static/-/Sites-patagonia-master/default/dwb901c3b0/images/hi-res/gray.jpg?sw=2000&sh=2000&ox=0&oy=0&oimg=https%3A%2F%2Fwww.patagonia.com%2Fdw%2Fimage%2Fv2%2FBDJB_PRD%2Fon%2Fdemandware.static%2F-%2FSites-patagonia-master%2Fdefault%2Fdw18887a78%2Fimages%2Fhi-res%2F25523_STH_OM2.png%3Fsw%3D2000%26sh%3D2000%26q%3D75&sfrm=png&q=75', 'https://www.patagonia.com/dw/image/v2/BDJB_PRD/on/demandware.static/-/Sites-patagonia-master/default/dwb901c3b0/images/hi-res/gray.jpg?sw=140&sh=140&ox=0&oy=0&oimg=https%3A%2F%2Fwww.patagonia.com%2Fdw%2Fimage%2Fv2%2FBDJB_PRD%2Fon%2Fdemandware.static%2F-%2FSites-patagonia-master%2Fdefault%2Fdw91d2155c%2Fimages%2Fhi-res%2F25523_STH_OM3.png%3Fsw%3D140%26sh%3D140%26q%3D80&sfrm=png&q=80']"
Men's Better Sweater® 1/4-Zip Fleece,https://www.patagonia.com/dw/image/v2/BDJB_PRD/on/demandware.static/-/Sites-patagonia-master/default/dwb901c3b0/images/hi-res/gray.jpg?sw=800&sh=800&ox=0&oy=0&oimg=https%3A%2F%2Fwww.patagonia.com%2Fdw%2Fimage%2Fv2%2FBDJB_PRD%2Fon%2Fdemandware.static%2F-%2FSites-patagonia-master%2Fdefault%2Fdw88136d23%2Fimages%2Fhi-res%2F25523_BEPG.png%3Fsw%3D800%26sh%3D800%26q%3D95&sfrm=png&q=95,"['https://www.patagonia.com/dw/image/v2/BDJB_PRD/on/demandware.static/-/Sites-patagonia-master/default/dwb901c3b0/images/hi-res/gray.jpg?sw=2000&sh=2000&ox=0&oy=0&oimg=https%3A%2F%2Fwww.patagonia.com%2Fdw%2Fimage%2Fv2%2FBDJB_PRD%2Fon%2Fdemandware.static%2F-%2FSites-patagonia-master%2Fdefault%2Fdwc25e343a%2Fimages%2Fhi-res%2F25523_BEPG_MK1.png%3Fsw%3D2000%26sh%3D2000%26q%3D75&sfrm=png&q=75', 'https://www.patagonia.com/dw/image/v2/BDJB_PRD/on/demandware.static/-/Sites-patagonia-master/default/dwb901c3b0/images/hi-res/gray.jpg?sw=2000&sh=2000&ox=0&oy=0&oimg=https%3A%2F%2Fwww.patagonia.com%2Fdw%2Fimage%2Fv2%2FBDJB_PRD%2Fon%2Fdemandware.static%2F-%2FSites-patagonia-master%2Fdefault%2Fdw8a67e4ee%2Fimages%2Fhi-res%2F25523_BEPG_MK2.png%3Fsw%3D2000%26sh%3D2000%26q%3D75&sfrm=png&q=75']"
Men's Better Sweater® 1/4-Zip Fleece,https://www.patagonia.com/dw/image/v2/BDJB_PRD/on/demandware.static/-/Sites-patagonia-master/default/dwb901c3b0/images/hi-res/gray.jpg?sw=800&sh=800&ox=0&oy=0&oimg=https%3A%2F%2Fwww.patagonia.com%2Fdw%2Fimage%2Fv2%2FBDJB_PRD%2Fon%2Fdemandware.static%2F-%2FSites-patagonia-master%2Fdefault%2Fdw0c13a447%2Fimages%2Fhi-res%2F25523_PGBE.png%3Fsw%3D800%26sh%3D800%26q%3D95&sfrm=png&q=95,"['https://www.patagonia.com/dw/image/v2/BDJB_PRD/on/demandware.static/-/Sites-patagonia-master/default/dwb901c3b0/images/hi-res/gray.jpg?sw=2000&sh=2000&ox=0&oy=0&oimg=https%3A%2F%2Fwww.patagonia.com%2Fdw%2Fimage%2Fv2%2FBDJB_PRD%2Fon%2Fdemandware.static%2F-%2FSites-patagonia-master%2Fdefault%2Fdwc2a14355%2Fimages%2Fhi-res%2F25523_PGBE_OM1M.png%3Fsw%3D2000%26sh%3D2000%26q%3D75&sfrm=png&q=75', 'https://www.patagonia.com/dw/image/v2/BDJB_PRD/on/demandware.static/-/Sites-patagonia-master/default/dwb901c3b0/images/hi-res/gray.jpg?sw=2000&sh=2000&ox=0&oy=0&oimg=https%3A%2F%2Fwww.patagonia.com%2Fdw%2Fimage%2Fv2%2FBDJB_PRD%2Fon%2Fdemandware.static%2F-%2FSites-patagonia-master%2Fdefault%2Fdw7260b898%2Fimages%2Fhi-res%2F25523_PGBE_OM2M.png%3Fsw%3D2000%26sh%3D2000%26q%3D75&sfrm=png&q=75']"
Men's Better Sweater® 1/4-Zip Fleece,https://www.patagonia.com/dw/image/v2/BDJB_PRD/on/demandware.static/-/Sites-patagonia-master/default/dwb901c3b0/images/hi-res/gray.jpg?sw=800&sh=800&ox=0&oy=0&oimg=https%3A%2F%2Fwww.patagonia.com%2Fdw%2Fimage%2Fv2%2FBDJB_PRD%2Fon%2Fdemandware.static%2F-%2FSites-patagonia-master%2Fdefault%2Fdwe27c0531%2Fimages%2Fhi-res%2F25523_RDMI.png%3Fsw%3D800%26sh%3D800%26q%3D95&sfrm=png&q=95,"['https://www.patagonia.com/dw/image/v2/BDJB_PRD/on/demandware.static/-/Sites-patagonia-master/default/dwb901c3b0/images/hi-res/gray.jpg?sw=2000&sh=2000&ox=0&oy=0&oimg=https%3A%2F%2Fwww.patagonia.com%2Fdw%2Fimage%2Fv2%2FBDJB_PRD%2Fon%2Fdemandware.static%2F-%2FSites-patagonia-master%2Fdefault%2Fdw1f4889f2%2Fimages%2Fhi-res%2F25523_RDMI_OM1M.png%3Fsw%3D2000%26sh%3D2000%26q%3D75&sfrm=png&q=75', 'https://www.patagonia.com/dw/image/v2/BDJB_PRD/on/demandware.static/-/Sites-patagonia-master/default/dwb901c3b0/images/hi-res/gray.jpg?sw=2000&sh=2000&ox=0&oy=0&oimg=https%3A%2F%2Fwww.patagonia.com%2Fdw%2Fimage%2Fv2%2FBDJB_PRD%2Fon%2Fdemandware.static%2F-%2FSites-patagonia-master%2Fdefault%2Fdw9a195388%2Fimages%2Fhi-res%2F25523_RDMI_OM2M.png%3Fsw%3D2000%26sh%3D2000%26q%3D75&sfrm=png&q=75']"
Men's Better Sweater® 1/4-Zip Fleece,https://www.patagonia.com/dw/image/v2/BDJB_PRD/on/demandware.static/-/Sites-patagonia-master/default/dwb901c3b0/images/hi-res/gray.jpg?sw=800&sh=800&ox=0&oy=0&oimg=https%3A%2F%2Fwww.patagonia.com%2Fdw%2Fimage%2Fv2%2FBDJB_PRD%2Fon%2Fdemandware.static%2F-%2FSites-patagonia-master%2Fdefault%2Fdw6fdc60fd%2Fimages%2Fhi-res%2F25523_BWSK.png%3Fsw%3D800%26sh%3D800%26q%3D95&sfrm=png&q=95,"['https://www.patagonia.com/dw/image/v2/BDJB_PRD/on/demandware.static/-/Sites-patagonia-master/default/dwb901c3b0/images/hi-res/gray.jpg?sw=2000&sh=2000&ox=0&oy=0&oimg=https%3A%2F%2Fwww.patagonia.com%2Fdw%2Fimage%2Fv2%2FBDJB_PRD%2Fon%2Fdemandware.static%2F-%2FSites-patagonia-master%2Fdefault%2Fdw1f4889f2%2Fimages%2Fhi-res%2F25523_RDMI_OM1M.png%3Fsw%3D2000%26sh%3D2000%26q%3D75&sfrm=png&q=75', 'https://www.patagonia.com/dw/image/v2/BDJB_PRD/on/demandware.static/-/Sites-patagonia-master/default/dwb901c3b0/images/hi-res/gray.jpg?sw=2000&sh=2000&ox=0&oy=0&oimg=https%3A%2F%2Fwww.patagonia.com%2Fdw%2Fimage%2Fv2%2FBDJB_PRD%2Fon%2Fdemandware.static%2F-%2FSites-patagonia-master%2Fdefault%2Fdw9a195388%2Fimages%2Fhi-res%2F25523_RDMI_OM2M.png%3Fsw%3D2000%26sh%3D2000%26q%3D75&sfrm=png&q=75']"
Men's Better Sweater® 1/4-Zip Fleece,https://www.patagonia.com/dw/image/v2/BDJB_PRD/on/demandware.static/-/Sites-patagonia-master/default/dwb901c3b0/images/hi-res/gray.jpg?sw=800&sh=800&ox=0&oy=0&oimg=https%3A%2F%2Fwww.patagonia.com%2Fdw%2Fimage%2Fv2%2FBDJB_PRD%2Fon%2Fdemandware.static%2F-%2FSites-patagonia-master%2Fdefault%2Fdwd4ef261b%2Fimages%2Fhi-res%2F25523_MEV.png%3Fsw%3D800%26sh%3D800%26q%3D95&sfrm=png&q=95,"['https://www.patagonia.com/dw/image/v2/BDJB_PRD/on/demandware.static/-/Sites-patagonia-master/default/dwb901c3b0/images/hi-res/gray.jpg?sw=2000&sh=2000&ox=0&oy=0&oimg=https%3A%2F%2Fwww.patagonia.com%2Fdw%2Fimage%2Fv2%2FBDJB_PRD%2Fon%2Fdemandware.static%2F-%2FSites-patagonia-master%2Fdefault%2Fdw1f4889f2%2Fimages%2Fhi-res%2F25523_RDMI_OM1M.png%3Fsw%3D2000%26sh%3D2000%26q%3D75&sfrm=png&q=75', 'https://www.patagonia.com/dw/image/v2/BDJB_PRD/on/demandware.static/-/Sites-patagonia-master/default/dwb901c3b0/images/hi-res/gray.jpg?sw=2000&sh=2000&ox=0&oy=0&oimg=https%3A%2F%2Fwww.patagonia.com%2Fdw%2Fimage%2Fv2%2FBDJB_PRD%2Fon%2Fdemandware.static%2F-%2FSites-patagonia-master%2Fdefault%2Fdw9a195388%2Fimages%2Fhi-res%2F25523_RDMI_OM2M.png%3Fsw%3D2000%26sh%3D2000%26q%3D75&sfrm=png&q=75']"
Men's Better Sweater® 1/4-Zip Fleece,https://www.patagonia.com/dw/image/v2/BDJB_PRD/on/demandware.static/-/Sites-patagonia-master/default/dwb901c3b0/images/hi-res/gray.jpg?sw=800&sh=800&ox=0&oy=0&oimg=https%3A%2F%2Fwww.patagonia.com%2Fdw%2Fimage%2Fv2%2FBDJB_PRD%2Fon%2Fdemandware.static%2F-%2FSites-patagonia-master%2Fdefault%2Fdw0e53faa6%2Fimages%2Fhi-res%2F25523_SKA.png%3Fsw%3D800%26sh%3D800%26q%3D95&sfrm=png&q=95,"['https://www.patagonia.com/dw/image/v2/BDJB_PRD/on/demandware.static/-/Sites-patagonia-master/default/dwb901c3b0/images/hi-res/gray.jpg?sw=2000&sh=2000&ox=0&oy=0&oimg=https%3A%2F%2Fwww.patagonia.com%2Fdw%2Fimage%2Fv2%2FBDJB_PRD%2Fon%2Fdemandware.static%2F-%2FSites-patagonia-master%2Fdefault%2Fdw1f4889f2%2Fimages%2Fhi-res%2F25523_RDMI_OM1M.png%3Fsw%3D2000%26sh%3D2000%26q%3D75&sfrm=png&q=75', 'https://www.patagonia.com/dw/image/v2/BDJB_PRD/on/demandware.static/-/Sites-patagonia-master/default/dwb901c3b0/images/hi-res/gray.jpg?sw=2000&sh=2000&ox=0&oy=0&oimg=https%3A%2F%2Fwww.patagonia.com%2Fdw%2Fimage%2Fv2%2FBDJB_PRD%2Fon%2Fdemandware.static%2F-%2FSites-patagonia-master%2Fdefault%2Fdw9a195388%2Fimages%2Fhi-res%2F25523_RDMI_OM2M.png%3Fsw%3D2000%26sh%3D2000%26q%3D75&sfrm=png&q=75']"
